id,exam,year,subject,topic,difficulty,question,recency,difficulty_score
1,RRB NTPC,2022,Quantitative Aptitude,Data Interpretation,Easy,Analyse the bar graph and find the percentage change.,4,1
2,IBPS PO,2023,Reasoning,Blood Relation,Hard,A is the son of B. B is the daughter of C. How is A related to C?,3,3
3,SSC CGL,2025,English,Vocabulary,Medium,Choose the antonym of the given word.,1,2
4,RRB NTPC,2024,Reasoning,Coding Decoding,Easy,Decode the given word using the same logic as the example.,2,1
5,IBPS PO,2022,General Awareness,Science,Medium,Identify the SI unit of the given physical quantity.,4,2
6,SSC CHSL,2021,Reasoning,Blood Relation,Hard,A is the son of B. B is the daughter of C. How is A related to C?,5,3
7,IBPS PO,2025,General Awareness,Geography,Hard,Which river is the longest in India?,1,3
8,SSC CGL,2022,Reasoning,Blood Relation,Medium,Find the relationship between two persons based on the given statements.,4,2
9,IBPS PO,2023,General Awareness,Indian Polity,Easy,Which article of the Constitution deals with the given provision?,3,1
10,SSC CHSL,2025,English,Sentence Improvement,Medium,Improve the underlined part of the given sentence.,1,2
11,IBPS PO,2022,English,Grammar,Easy,Identify the error in the sentence.,4,1
12,SSC CHSL,2023,General Awareness,History,Medium,Identify the event associated with the given year.,3,2
13,RRB NTPC,2021,Quantitative Aptitude,Time and Work,Easy,A can complete a work in 600 days and B in 36 days. Find the time taken together.,5,1
14,SSC CGL,2024,Reasoning,Puzzle,Hard,Solve the seating arrangement puzzle based on given conditions.,2,3
15,RRB NTPC,2023,English,Cloze Test,Medium,Fill in the blanks to complete the passage meaningfully.,3,2
16,IBPS PO,2023,General Awareness,Static GK,Hard,Identify the national symbol described in the question.,3,3
17,SSC CGL,2024,English,Sentence Improvement,Hard,Improve the underlined part of the given sentence.,2,3
18,SSC CGL,2022,General Awareness,Current Affairs,Easy,Which event is currently in the news?,4,1
19,SSC CGL,2025,English,Cloze Test,Easy,Fill in the blanks to complete the passage meaningfully.,1,1
20,SSC CHSL,2021,General Awareness,History,Hard,Identify the event associated with the given year.,5,3
21,IBPS PO,2023,Quantitative Aptitude,Profit and Loss,Medium,A shopkeeper marks an item 5% above cost price. Find the marked price.,3,2
22,RRB NTPC,2021,Reasoning,Coding Decoding,Hard,Decode the given word using the same logic as the example.,5,3
23,IBPS PO,2025,Reasoning,Syllogism,Hard,"Based on the two statements, find the valid conclusion.",1,3
24,SSC CHSL,2022,General Awareness,History,Medium,Who founded the Maurya Empire?,4,2
25,SSC CHSL,2023,Quantitative Aptitude,Time and Work,Hard,Find the efficiency ratio of two workers given their individual work rates.,3,3
26,SSC CGL,2025,English,Cloze Test,Hard,Fill in the blanks to complete the passage meaningfully.,1,3
27,SSC CHSL,2024,General Awareness,History,Medium,Identify the event associated with the given year.,2,2
28,SSC CGL,2021,General Awareness,Indian Polity,Medium,Who is known as the chief architect of the Indian Constitution?,5,2
29,SSC CHSL,2023,Reasoning,Series,Easy,Find the missing number in the series.,3,1
30,IBPS PO,2023,General Awareness,Indian Polity,Medium,Who is known as the chief architect of the Indian Constitution?,3,2
31,SSC CHSL,2024,English,Grammar,Hard,Fill in the blank with the correct form of the verb.,2,3
32,IBPS PO,2022,Reasoning,Analogy,Hard,Choose the word that best completes the analogy.,4,3
33,IBPS PO,2025,English,Sentence Improvement,Hard,Improve the underlined part of the given sentence.,1,3
34,IBPS PO,2024,General Awareness,History,Medium,Who founded the Maurya Empire?,2,2
35,IBPS PO,2024,Quantitative Aptitude,Data Interpretation,Hard,Find the average from the given data table.,2,3
36,RRB NTPC,2025,Quantitative Aptitude,Algebra,Easy,Simplify the given quadratic expression.,1,1
37,SSC CGL,2025,English,Sentence Improvement,Easy,Improve the underlined part of the given sentence.,1,1
38,SSC CGL,2025,English,Cloze Test,Easy,Fill in the blanks to complete the passage meaningfully.,1,1
39,RRB NTPC,2022,Quantitative Aptitude,Time and Work,Easy,A pipe fills a tank in 400 hours. Find the time to fill 5% of the tank.,4,1
40,SSC CHSL,2023,English,Vocabulary,Medium,Choose the correct meaning of the word.,3,2
41,SSC CGL,2024,Reasoning,Analogy,Medium,Book is related to Reading. Pen is related to?,2,2
42,IBPS PO,2022,General Awareness,Current Affairs,Medium,Who was recently appointed to the given post?,4,2
43,RRB NTPC,2024,English,Cloze Test,Easy,Fill in the blanks to complete the passage meaningfully.,2,1
44,SSC CHSL,2021,Reasoning,Series,Hard,Find the next term in the given number series.,5,3
45,SSC CHSL,2022,English,Vocabulary,Medium,Choose the correct meaning of the word.,4,2
46,IBPS PO,2025,Quantitative Aptitude,Time and Work,Medium,Find the efficiency ratio of two workers given their individual work rates.,1,2
47,SSC CGL,2021,Reasoning,Puzzle,Easy,Arrange the given items based on the clues provided.,5,1
48,SSC CHSL,2022,Reasoning,Syllogism,Medium,Determine whether the given statements follow logically.,4,2
49,SSC CHSL,2022,Quantitative Aptitude,Percentage,Easy,The population of a town grew by 15% in a year. Find the increase.,4,1
50,IBPS PO,2024,English,Sentence Improvement,Medium,Improve the underlined part of the given sentence.,2,2
51,IBPS PO,2022,Reasoning,Coding Decoding,Easy,Find the next term using a coding pattern.,4,1
52,SSC CHSL,2024,Reasoning,Direction Sense,Medium,A person walks 100 km north and then 12 km east. Find the shortest distance to start.,2,2
53,RRB NTPC,2022,Reasoning,Blood Relation,Medium,Find the relationship between two persons based on the given statements.,4,2
54,IBPS PO,2025,English,Sentence Improvement,Medium,Improve the underlined part of the given sentence.,1,2
55,IBPS PO,2021,Reasoning,Coding Decoding,Hard,Find the next term using a coding pattern.,5,3
56,SSC CHSL,2025,Quantitative Aptitude,Time and Work,Medium,A can complete a work in 600 days and B in 10 days. Find the time taken together.,1,2
57,SSC CHSL,2021,General Awareness,Indian Polity,Medium,Which article of the Constitution deals with the given provision?,5,2
58,SSC CHSL,2021,Quantitative Aptitude,Data Interpretation,Easy,Find the ratio of values shown in the given pie chart.,5,1
59,SSC CHSL,2022,Reasoning,Analogy,Medium,Book is related to Reading. Pen is related to?,4,2
60,RRB NTPC,2025,English,Reading Comprehension,Medium,Identify the main idea of the given passage.,1,2
61,SSC CGL,2021,English,Grammar,Medium,Fill in the blank with the correct form of the verb.,5,2
62,IBPS PO,2021,Reasoning,Series,Easy,Find the odd one out from the given series.,5,1
63,SSC CHSL,2021,Quantitative Aptitude,Data Interpretation,Hard,Find the ratio of values shown in the given pie chart.,5,3
64,RRB NTPC,2023,English,Sentence Improvement,Easy,Improve the underlined part of the given sentence.,3,1
65,IBPS PO,2024,Reasoning,Syllogism,Medium,"Based on the two statements, find the valid conclusion.",2,2
66,SSC CHSL,2021,Quantitative Aptitude,Data Interpretation,Medium,Find the ratio of values shown in the given pie chart.,5,2
67,SSC CHSL,2022,Reasoning,Analogy,Medium,Choose the word that best completes the analogy.,4,2
68,SSC CHSL,2024,English,Sentence Improvement,Medium,Improve the underlined part of the given sentence.,2,2
69,SSC CHSL,2023,Reasoning,Analogy,Hard,Choose the word that best completes the analogy.,3,3
70,SSC CHSL,2025,General Awareness,History,Medium,Who founded the Maurya Empire?,1,2
71,SSC CHSL,2022,Reasoning,Series,Medium,Find the missing number in the series.,4,2
72,RRB NTPC,2024,Quantitative Aptitude,Data Interpretation,Easy,Find the ratio of values shown in the given pie chart.,2,1
73,IBPS PO,2021,Quantitative Aptitude,Data Interpretation,Medium,Find the average from the given data table.,5,2
74,IBPS PO,2021,English,Reading Comprehension,Easy,Read the passage and answer the question.,5,1
75,RRB NTPC,2021,Quantitative Aptitude,Profit and Loss,Hard,A shopkeeper marks an item 30% above cost price. Find the marked price.,5,3
76,RRB NTPC,2024,English,Grammar,Medium,Fill in the blank with the correct form of the verb.,2,2
77,SSC CGL,2025,Quantitative Aptitude,Time and Work,Easy,Find the efficiency ratio of two workers given their individual work rates.,1,1
78,RRB NTPC,2022,General Awareness,Indian Polity,Hard,Which article of the Constitution deals with the given provision?,4,3
79,SSC CGL,2025,General Awareness,Current Affairs,Hard,Which event is currently in the news?,1,3
80,SSC CGL,2023,English,Grammar,Hard,Choose the grammatically correct sentence.,3,3
81,IBPS PO,2024,General Awareness,Geography,Medium,Which river is the longest in India?,2,2
82,IBPS PO,2021,General Awareness,Current Affairs,Medium,Which event is currently in the news?,5,2
83,RRB NTPC,2025,General Awareness,Indian Polity,Easy,Who is known as the chief architect of the Indian Constitution?,1,1
84,IBPS PO,2024,Reasoning,Puzzle,Medium,Solve the seating arrangement puzzle based on given conditions.,2,2
85,SSC CGL,2023,Reasoning,Direction Sense,Medium,A person walks 100 km north and then 36 km east. Find the shortest distance to start.,3,2
86,RRB NTPC,2023,English,Sentence Improvement,Medium,Improve the underlined part of the given sentence.,3,2
87,SSC CGL,2022,General Awareness,Science,Hard,Which gas is essential for respiration?,4,3
88,SSC CGL,2023,English,Reading Comprehension,Hard,Read the passage and answer the question.,3,3
89,SSC CGL,2022,Reasoning,Series,Medium,Find the odd one out from the given series.,4,2
90,SSC CGL,2023,English,Vocabulary,Medium,Choose the synonym of the given word.,3,2
91,SSC CHSL,2024,English,Reading Comprehension,Easy,Identify the main idea of the given passage.,2,1
92,SSC CHSL,2025,English,Reading Comprehension,Hard,Read the passage and answer the question.,1,3
93,RRB NTPC,2021,English,Cloze Test,Easy,Fill in the blanks to complete the passage meaningfully.,5,1
94,SSC CGL,2025,Reasoning,Coding Decoding,Medium,Decode the given word using the same logic as the example.,1,2
95,SSC CHSL,2022,English,Reading Comprehension,Easy,Read the passage and answer the question.,4,1
96,SSC CHSL,2021,Quantitative Aptitude,Time and Work,Medium,A can complete a work in 600 days and B in 20 days. Find the time taken together.,5,2
97,SSC CGL,2025,English,Vocabulary,Medium,Choose the correct meaning of the word.,1,2
98,SSC CGL,2023,Quantitative Aptitude,Simple Interest,Easy,Find the simple interest on 150 at 30% per annum for 36 years.,3,1
99,SSC CGL,2024,Quantitative Aptitude,Time and Work,Hard,A pipe fills a tank in 150 hours. Find the time to fill 10% of the tank.,2,3
100,IBPS PO,2023,English,Vocabulary,Easy,Choose the synonym of the given word.,3,1
101,RRB NTPC,2023,General Awareness,Science,Easy,Identify the SI unit of the given physical quantity.,3,1
102,RRB NTPC,2021,Quantitative Aptitude,Time and Work,Medium,A can complete a work in 400 days and B in 30 days. Find the time taken together.,5,2
103,RRB NTPC,2021,Reasoning,Syllogism,Hard,Determine whether the given statements follow logically.,5,3
104,SSC CHSL,2024,English,Reading Comprehension,Hard,Identify the main idea of the given passage.,2,3
105,RRB NTPC,2021,General Awareness,Static GK,Medium,Identify the national symbol described in the question.,5,2
106,SSC CHSL,2021,General Awareness,Geography,Medium,Which state has the highest geographical area?,5,2
107,RRB NTPC,2023,English,Vocabulary,Medium,Choose the antonym of the given word.,3,2
108,SSC CGL,2024,Quantitative Aptitude,Time and Work,Medium,A pipe fills a tank in 150 hours. Find the time to fill 10% of the tank.,2,2
109,IBPS PO,2021,General Awareness,Science,Medium,Identify the SI unit of the given physical quantity.,5,2
110,IBPS PO,2022,English,Reading Comprehension,Easy,Read the passage and answer the question.,4,1
111,SSC CHSL,2021,Quantitative Aptitude,Percentage,Medium,A number is increased by 12%. Find the new value.,5,2
112,RRB NTPC,2024,English,Sentence Improvement,Hard,Improve the underlined part of the given sentence.,2,3
113,SSC CGL,2022,Reasoning,Puzzle,Medium,Arrange the given items based on the clues provided.,4,2
114,RRB NTPC,2025,General Awareness,Science,Medium,Identify the SI unit of the given physical quantity.,1,2
115,SSC CGL,2023,Quantitative Aptitude,Profit and Loss,Easy,Find the selling price if cost price is 150 and profit is 12%.,3,1
116,SSC CGL,2025,English,Sentence Improvement,Hard,Improve the underlined part of the given sentence.,1,3
117,SSC CGL,2023,Reasoning,Series,Easy,Find the odd one out from the given series.,3,1
118,RRB NTPC,2025,Reasoning,Analogy,Hard,Book is related to Reading. Pen is related to?,1,3
119,SSC CGL,2023,Quantitative Aptitude,Time and Work,Hard,A pipe fills a tank in 200 hours. Find the time to fill 5% of the tank.,3,3
120,SSC CHSL,2024,English,Sentence Improvement,Medium,Improve the underlined part of the given sentence.,2,2
121,RRB NTPC,2023,General Awareness,Static GK,Medium,Identify the national symbol described in the question.,3,2
122,SSC CGL,2025,Reasoning,Puzzle,Easy,Arrange the given items based on the clues provided.,1,1
123,SSC CHSL,2023,Quantitative Aptitude,Algebra,Easy,Find the roots of the equation x^2 - 400x + 30 = 0.,3,1
124,RRB NTPC,2024,Reasoning,Series,Easy,Find the missing number in the series.,2,1
125,RRB NTPC,2022,English,Vocabulary,Easy,Choose the correct meaning of the word.,4,1
126,SSC CHSL,2023,Reasoning,Series,Easy,Find the missing number in the series.,3,1
127,IBPS PO,2025,English,Reading Comprehension,Hard,Read the passage and answer the question.,1,3
128,SSC CGL,2022,English,Reading Comprehension,Medium,Read the passage and answer the question.,4,2
129,IBPS PO,2023,Quantitative Aptitude,Time and Work,Easy,A pipe fills a tank in 600 hours. Find the time to fill 20% of the tank.,3,1
130,SSC CGL,2025,General Awareness,Static GK,Medium,Identify the national symbol described in the question.,1,2
131,SSC CHSL,2023,Reasoning,Analogy,Hard,Choose the word that best completes the analogy.,3,3
132,SSC CHSL,2023,English,Reading Comprehension,Medium,Read the passage and answer the question.,3,2
133,IBPS PO,2024,English,Reading Comprehension,Medium,Identify the main idea of the given passage.,2,2
134,SSC CGL,2024,English,Cloze Test,Medium,Fill in the blanks to complete the passage meaningfully.,2,2
135,SSC CHSL,2024,Quantitative Aptitude,Algebra,Hard,"If x + y = 100 and x - y = 24, find the value of x.",2,3
136,RRB NTPC,2023,Reasoning,Coding Decoding,Hard,"If CAT is coded as DBU, how is DOG coded?",3,3
137,RRB NTPC,2021,General Awareness,History,Easy,Who founded the Maurya Empire?,5,1
138,IBPS PO,2025,Quantitative Aptitude,Simple Interest,Medium,Find the simple interest on 150 at 15% per annum for 36 years.,1,2
139,IBPS PO,2024,English,Grammar,Medium,Fill in the blank with the correct form of the verb.,2,2
140,RRB NTPC,2021,English,Sentence Improvement,Easy,Improve the underlined part of the given sentence.,5,1
141,IBPS PO,2025,Reasoning,Puzzle,Medium,Arrange the given items based on the clues provided.,1,2
142,RRB NTPC,2021,English,Cloze Test,Easy,Fill in the blanks to complete the passage meaningfully.,5,1
143,SSC CGL,2021,General Awareness,Geography,Easy,Which state has the highest geographical area?,5,1
144,RRB NTPC,2025,General Awareness,Geography,Medium,Which state has the highest geographical area?,1,2
145,SSC CHSL,2024,Quantitative Aptitude,Simple Interest,Hard,Find the simple interest on 200 at 15% per annum for 18 years.,2,3
146,SSC CGL,2022,Quantitative Aptitude,Percentage,Medium,A number is increased by 50%. Find the new value.,4,2
147,SSC CHSL,2021,English,Grammar,Easy,Identify the error in the sentence.,5,1
148,IBPS PO,2024,English,Sentence Improvement,Medium,Improve the underlined part of the given sentence.,2,2
149,SSC CHSL,2022,Reasoning,Series,Medium,Find the odd one out from the given series.,4,2
150,IBPS PO,2021,Quantitative Aptitude,Geometry,Easy,Find the perimeter of a rectangle with length 300 cm and breadth 30 cm.,5,1
151,IBPS PO,2023,Reasoning,Blood Relation,Medium,A is the son of B. B is the daughter of C. How is A related to C?,3,2
152,IBPS PO,2023,Quantitative Aptitude,Percentage,Hard,The population of a town grew by 20% in a year. Find the increase.,3,3
153,RRB NTPC,2023,General Awareness,History,Hard,Who founded the Maurya Empire?,3,3
154,SSC CGL,2021,General Awareness,Static GK,Easy,Identify the national symbol described in the question.,5,1
155,RRB NTPC,2022,General Awareness,Indian Polity,Hard,Who is known as the chief architect of the Indian Constitution?,4,3
156,SSC CHSL,2023,Quantitative Aptitude,Algebra,Easy,Solve the given algebraic equation for x.,3,1
157,SSC CGL,2024,Quantitative Aptitude,Simple Interest,Medium,Find the principal amount given simple interest of 300 at 15% rate.,2,2
158,SSC CHSL,2025,General Awareness,Current Affairs,Medium,Which event is currently in the news?,1,2
159,IBPS PO,2025,Quantitative Aptitude,Algebra,Hard,Solve the given algebraic equation for x.,1,3
160,SSC CHSL,2021,General Awareness,History,Easy,Identify the event associated with the given year.,5,1
161,RRB NTPC,2024,Reasoning,Blood Relation,Medium,Find the relationship between two persons based on the given statements.,2,2
162,IBPS PO,2025,Quantitative Aptitude,Profit and Loss,Medium,A trader allows a discount of 20%. Find the new selling price.,1,2
163,IBPS PO,2024,General Awareness,Science,Medium,Which gas is essential for respiration?,2,2
164,SSC CGL,2025,Reasoning,Blood Relation,Easy,Find the relationship between two persons based on the given statements.,1,1
165,RRB NTPC,2024,General Awareness,History,Easy,Identify the event associated with the given year.,2,1
166,RRB NTPC,2024,General Awareness,Science,Easy,Identify the SI unit of the given physical quantity.,2,1
167,SSC CGL,2024,English,Sentence Improvement,Medium,Improve the underlined part of the given sentence.,2,2
168,IBPS PO,2025,General Awareness,History,Easy,Identify the event associated with the given year.,1,1
169,SSC CGL,2021,Quantitative Aptitude,Data Interpretation,Easy,Find the average from the given data table.,5,1
170,IBPS PO,2023,English,Grammar,Medium,Fill in the blank with the correct form of the verb.,3,2
171,RRB NTPC,2025,General Awareness,Current Affairs,Medium,Who was recently appointed to the given post?,1,2
172,SSC CHSL,2024,English,Reading Comprehension,Medium,Identify the main idea of the given passage.,2,2
173,RRB NTPC,2021,General Awareness,Indian Polity,Easy,Which article of the Constitution deals with the given provision?,5,1
174,SSC CHSL,2021,English,Grammar,Hard,Choose the grammatically correct sentence.,5,3
175,SSC CGL,2023,Quantitative Aptitude,Profit and Loss,Medium,An article bought for 100 is sold for 12. Find the profit or loss percentage.,3,2
176,RRB NTPC,2025,General Awareness,Science,Easy,Which gas is essential for respiration?,1,1
177,RRB NTPC,2022,Quantitative Aptitude,Algebra,Medium,Solve the given algebraic equation for x.,4,2
178,SSC CHSL,2025,Quantitative Aptitude,Simple Interest,Medium,Find the principal amount given simple interest of 100 at 50% rate.,1,2
179,SSC CHSL,2021,Quantitative Aptitude,Algebra,Medium,Simplify the given quadratic expression.,5,2
180,SSC CGL,2022,Quantitative Aptitude,Algebra,Medium,Find the roots of the equation x^2 - 400x + 8 = 0.,4,2
181,RRB NTPC,2021,English,Reading Comprehension,Medium,Identify the main idea of the given passage.,5,2
182,SSC CHSL,2024,Quantitative Aptitude,Time and Work,Hard,A pipe fills a tank in 100 hours. Find the time to fill 30% of the tank.,2,3
183,SSC CGL,2024,General Awareness,Geography,Hard,Which river is the longest in India?,2,3
184,IBPS PO,2021,General Awareness,Static GK,Easy,Identify the national symbol described in the question.,5,1
185,SSC CGL,2022,Quantitative Aptitude,Profit and Loss,Medium,A shopkeeper marks an item 25% above cost price. Find the marked price.,4,2
186,IBPS PO,2024,Reasoning,Analogy,Medium,Choose the word that best completes the analogy.,2,2
187,IBPS PO,2024,English,Grammar,Easy,Fill in the blank with the correct form of the verb.,2,1
188,IBPS PO,2023,English,Vocabulary,Medium,Choose the correct meaning of the word.,3,2
189,SSC CHSL,2022,English,Reading Comprehension,Easy,Read the passage and answer the question.,4,1
190,SSC CGL,2023,General Awareness,Indian Polity,Easy,Which article of the Constitution deals with the given provision?,3,1
191,SSC CHSL,2024,Quantitative Aptitude,Simple Interest,Medium,Find the simple interest on 500 at 50% per annum for 10 years.,2,2
192,IBPS PO,2022,English,Sentence Improvement,Medium,Improve the underlined part of the given sentence.,4,2
193,RRB NTPC,2024,English,Sentence Improvement,Medium,Improve the underlined part of the given sentence.,2,2
194,RRB NTPC,2024,English,Cloze Test,Medium,Fill in the blanks to complete the passage meaningfully.,2,2
195,RRB NTPC,2023,Quantitative Aptitude,Algebra,Hard,Find the roots of the equation x^2 - 250x + 18 = 0.,3,3
196,RRB NTPC,2025,Reasoning,Analogy,Medium,Book is related to Reading. Pen is related to?,1,2
197,RRB NTPC,2025,English,Vocabulary,Hard,Choose the synonym of the given word.,1,3
198,IBPS PO,2021,English,Cloze Test,Medium,Fill in the blanks to complete the passage meaningfully.,5,2
199,SSC CGL,2022,Reasoning,Blood Relation,Medium,A is the son of B. B is the daughter of C. How is A related to C?,4,2
200,RRB NTPC,2024,Reasoning,Series,Hard,Find the missing number in the series.,2,3
201,SSC CGL,2021,Quantitative Aptitude,Algebra,Easy,Solve the given algebraic equation for x.,5,1
202,SSC CGL,2022,General Awareness,Current Affairs,Medium,Which event is currently in the news?,4,2
203,SSC CGL,2025,English,Sentence Improvement,Medium,Improve the underlined part of the given sentence.,1,2
204,SSC CGL,2025,General Awareness,Science,Medium,Identify the SI unit of the given physical quantity.,1,2
205,IBPS PO,2025,Reasoning,Blood Relation,Easy,A is the son of B. B is the daughter of C. How is A related to C?,1,1
206,RRB NTPC,2023,Quantitative Aptitude,Algebra,Medium,Simplify the given quadratic expression.,3,2
207,SSC CGL,2024,General Awareness,Current Affairs,Medium,Who was recently appointed to the given post?,2,2
208,SSC CHSL,2025,Quantitative Aptitude,Data Interpretation,Medium,Analyse the bar graph and find the percentage change.,1,2
209,IBPS PO,2025,Quantitative Aptitude,Data Interpretation,Hard,Analyse the bar graph and find the percentage change.,1,3
210,SSC CHSL,2021,Reasoning,Puzzle,Medium,Solve the seating arrangement puzzle based on given conditions.,5,2
211,RRB NTPC,2023,English,Cloze Test,Medium,Fill in the blanks to complete the passage meaningfully.,3,2
212,SSC CGL,2024,Quantitative Aptitude,Algebra,Easy,Find the roots of the equation x^2 - 100x + 8 = 0.,2,1
213,SSC CGL,2022,English,Sentence Improvement,Easy,Improve the underlined part of the given sentence.,4,1
214,SSC CHSL,2023,General Awareness,Science,Medium,Which gas is essential for respiration?,3,2
215,SSC CHSL,2025,English,Grammar,Medium,Fill in the blank with the correct form of the verb.,1,2
216,IBPS PO,2025,Quantitative Aptitude,Time and Work,Easy,Find the efficiency ratio of two workers given their individual work rates.,1,1
217,IBPS PO,2022,Quantitative Aptitude,Algebra,Medium,Simplify the given quadratic expression.,4,2
218,SSC CGL,2025,General Awareness,Static GK,Easy,Identify the national symbol described in the question.,1,1
219,RRB NTPC,2024,English,Grammar,Medium,Choose the grammatically correct sentence.,2,2
220,SSC CGL,2024,General Awareness,Science,Medium,Identify the SI unit of the given physical quantity.,2,2
221,SSC CHSL,2023,Reasoning,Blood Relation,Medium,Find the relationship between two persons based on the given statements.,3,2
222,SSC CGL,2023,English,Reading Comprehension,Hard,Read the passage and answer the question.,3,3
223,SSC CGL,2022,Reasoning,Syllogism,Hard,"Based on the two statements, find the valid conclusion.",4,3
224,SSC CHSL,2024,Quantitative Aptitude,Data Interpretation,Hard,Find the ratio of values shown in the given pie chart.,2,3
225,IBPS PO,2024,Quantitative Aptitude,Profit and Loss,Medium,A trader allows a discount of 30%. Find the new selling price.,2,2
226,IBPS PO,2022,General Awareness,Current Affairs,Medium,Who was recently appointed to the given post?,4,2
227,IBPS PO,2021,General Awareness,Science,Medium,Which gas is essential for respiration?,5,2
228,SSC CHSL,2021,General Awareness,Current Affairs,Easy,Who was recently appointed to the given post?,5,1
229,IBPS PO,2023,Quantitative Aptitude,Data Interpretation,Medium,Find the average from the given data table.,3,2
230,SSC CGL,2024,Reasoning,Direction Sense,Easy,A person walks 600 km north and then 10 km east. Find the shortest distance to start.,2,1
231,SSC CHSL,2022,English,Vocabulary,Easy,Choose the correct meaning of the word.,4,1
232,SSC CGL,2025,English,Cloze Test,Easy,Fill in the blanks to complete the passage meaningfully.,1,1
233,SSC CHSL,2022,Quantitative Aptitude,Time and Work,Easy,Find the efficiency ratio of two workers given their individual work rates.,4,1
234,RRB NTPC,2022,Reasoning,Coding Decoding,Hard,Find the next term using a coding pattern.,4,3
235,IBPS PO,2024,English,Sentence Improvement,Medium,Improve the underlined part of the given sentence.,2,2
236,IBPS PO,2025,General Awareness,Static GK,Easy,Identify the national symbol described in the question.,1,1
237,SSC CGL,2023,General Awareness,Indian Polity,Easy,Who is known as the chief architect of the Indian Constitution?,3,1
238,SSC CHSL,2023,Reasoning,Puzzle,Easy,Arrange the given items based on the clues provided.,3,1
239,SSC CHSL,2023,Reasoning,Blood Relation,Medium,A is the son of B. B is the daughter of C. How is A related to C?,3,2
240,SSC CHSL,2024,General Awareness,Geography,Easy,Which state has the highest geographical area?,2,1
241,IBPS PO,2022,Reasoning,Coding Decoding,Easy,Decode the given word using the same logic as the example.,4,1
242,SSC CHSL,2022,English,Cloze Test,Medium,Fill in the blanks to complete the passage meaningfully.,4,2
243,RRB NTPC,2024,Quantitative Aptitude,Algebra,Medium,Solve the given algebraic equation for x.,2,2
244,RRB NTPC,2024,General Awareness,History,Hard,Who founded the Maurya Empire?,2,3
245,SSC CHSL,2024,Reasoning,Series,Hard,Find the missing number in the series.,2,3
246,RRB NTPC,2022,General Awareness,Current Affairs,Medium,Who was recently appointed to the given post?,4,2
247,SSC CGL,2023,General Awareness,Geography,Medium,Which state has the highest geographical area?,3,2
248,SSC CGL,2024,Quantitative Aptitude,Percentage,Easy,A student scored 10% marks in an exam. Find the marks obtained out of 100.,2,1
249,IBPS PO,2025,Reasoning,Analogy,Easy,Choose the word that best completes the analogy.,1,1
250,SSC CGL,2021,English,Vocabulary,Medium,Choose the synonym of the given word.,5,2
251,IBPS PO,2024,General Awareness,Static GK,Easy,Identify the national symbol described in the question.,2,1
252,RRB NTPC,2021,English,Grammar,Medium,Choose the grammatically correct sentence.,5,2
253,SSC CGL,2023,General Awareness,Indian Polity,Easy,Who is known as the chief architect of the Indian Constitution?,3,1
254,IBPS PO,2022,Reasoning,Puzzle,Medium,Solve the seating arrangement puzzle based on given conditions.,4,2
255,IBPS PO,2024,General Awareness,Indian Polity,Hard,Which article of the Constitution deals with the given provision?,2,3
256,RRB NTPC,2023,General Awareness,Geography,Medium,Which river is the longest in India?,3,2
257,SSC CGL,2021,Reasoning,Syllogism,Easy,Determine whether the given statements follow logically.,5,1
258,SSC CHSL,2024,Quantitative Aptitude,Time and Work,Medium,A can complete a work in 300 days and B in 36 days. Find the time taken together.,2,2
259,SSC CGL,2021,Quantitative Aptitude,Time and Work,Easy,Find the efficiency ratio of two workers given their individual work rates.,5,1
260,SSC CGL,2024,Quantitative Aptitude,Data Interpretation,Easy,Find the ratio of values shown in the given pie chart.,2,1
261,RRB NTPC,2022,Reasoning,Puzzle,Easy,Solve the seating arrangement puzzle based on given conditions.,4,1
262,RRB NTPC,2025,General Awareness,Static GK,Medium,Identify the national symbol described in the question.,1,2
263,SSC CGL,2022,General Awareness,Science,Medium,Which gas is essential for respiration?,4,2
264,SSC CGL,2021,Quantitative Aptitude,Simple Interest,Easy,Find the principal amount given simple interest of 300 at 5% rate.,5,1
265,SSC CHSL,2023,General Awareness,Geography,Easy,Which river is the longest in India?,3,1
266,SSC CGL,2024,Quantitative Aptitude,Profit and Loss,Easy,Find the selling price if cost price is 500 and profit is 15%.,2,1
267,SSC CGL,2022,General Awareness,History,Medium,Who founded the Maurya Empire?,4,2
268,SSC CGL,2024,General Awareness,Science,Hard,Identify the SI unit of the given physical quantity.,2,3
269,SSC CHSL,2022,English,Sentence Improvement,Easy,Improve the underlined part of the given sentence.,4,1
270,RRB NTPC,2025,English,Sentence Improvement,Medium,Improve the underlined part of the given sentence.,1,2
271,IBPS PO,2025,Quantitative Aptitude,Time and Work,Easy,Find the efficiency ratio of two workers given their individual work rates.,1,1
272,RRB NTPC,2023,English,Reading Comprehension,Hard,Identify the main idea of the given passage.,3,3
273,IBPS PO,2021,English,Reading Comprehension,Medium,Identify the main idea of the given passage.,5,2
274,SSC CHSL,2024,General Awareness,History,Medium,Identify the event associated with the given year.,2,2
275,RRB NTPC,2024,Quantitative Aptitude,Time and Work,Hard,Find the efficiency ratio of two workers given their individual work rates.,2,3
276,SSC CHSL,2022,General Awareness,Current Affairs,Medium,Who was recently appointed to the given post?,4,2
277,SSC CHSL,2023,General Awareness,History,Hard,Identify the event associated with the given year.,3,3
278,IBPS PO,2023,Quantitative Aptitude,Algebra,Medium,Find the roots of the equation x^2 - 100x + 30 = 0.,3,2
279,SSC CGL,2021,Reasoning,Series,Hard,Find the next term in the given number series.,5,3
280,IBPS PO,2023,Reasoning,Series,Hard,Find the next term in the given number series.,3,3
281,IBPS PO,2023,Quantitative Aptitude,Algebra,Easy,Simplify the given quadratic expression.,3,1
282,SSC CGL,2022,Quantitative Aptitude,Time and Work,Medium,Find the efficiency ratio of two workers given their individual work rates.,4,2
283,SSC CHSL,2023,Reasoning,Series,Medium,Find the missing number in the series.,3,2
284,RRB NTPC,2021,Quantitative Aptitude,Time and Work,Easy,A can complete a work in 300 days and B in 10 days. Find the time taken together.,5,1
285,RRB NTPC,2025,General Awareness,Static GK,Medium,Identify the national symbol described in the question.,1,2
286,IBPS PO,2022,Reasoning,Series,Easy,Find the next term in the given number series.,4,1
287,SSC CGL,2024,General Awareness,Indian Polity,Hard,Who is known as the chief architect of the Indian Constitution?,2,3
288,SSC CHSL,2022,General Awareness,Science,Medium,Identify the SI unit of the given physical quantity.,4,2
289,SSC CHSL,2023,English,Cloze Test,Hard,Fill in the blanks to complete the passage meaningfully.,3,3
290,SSC CGL,2025,Reasoning,Direction Sense,Medium,A person walks 100 km north and then 10 km east. Find the shortest distance to start.,1,2
291,SSC CGL,2022,General Awareness,Current Affairs,Medium,Which event is currently in the news?,4,2
292,RRB NTPC,2022,Reasoning,Series,Easy,Find the next term in the given number series.,4,1
293,RRB NTPC,2024,General Awareness,Static GK,Medium,Identify the national symbol described in the question.,2,2
294,IBPS PO,2023,General Awareness,Indian Polity,Medium,Who is known as the chief architect of the Indian Constitution?,3,2
295,IBPS PO,2021,Quantitative Aptitude,Simple Interest,Easy,Find the simple interest on 200 at 25% per annum for 10 years.,5,1
296,RRB NTPC,2023,General Awareness,Indian Polity,Easy,Which article of the Constitution deals with the given provision?,3,1
297,IBPS PO,2024,Reasoning,Puzzle,Medium,Arrange the given items based on the clues provided.,2,2
298,SSC CHSL,2022,General Awareness,Science,Hard,Identify the SI unit of the given physical quantity.,4,3
299,RRB NTPC,2022,Reasoning,Direction Sense,Hard,A person walks 150 km north and then 10 km east. Find the shortest distance to start.,4,3
300,SSC CGL,2023,Reasoning,Syllogism,Easy,Determine whether the given statements follow logically.,3,1
301,IBPS PO,2023,English,Reading Comprehension,Hard,Identify the main idea of the given passage.,3,3
302,SSC CHSL,2024,Reasoning,Blood Relation,Easy,A is the son of B. B is the daughter of C. How is A related to C?,2,1
303,SSC CGL,2024,English,Vocabulary,Medium,Choose the antonym of the given word.,2,2
304,RRB NTPC,2022,Quantitative Aptitude,Time and Work,Hard,A pipe fills a tank in 750 hours. Find the time to fill 15% of the tank.,4,3
305,RRB NTPC,2025,Quantitative Aptitude,Geometry,Medium,Find the type of triangle having all angles equal.,1,2
306,SSC CGL,2021,Reasoning,Analogy,Medium,Book is related to Reading. Pen is related to?,5,2
307,SSC CGL,2024,English,Cloze Test,Hard,Fill in the blanks to complete the passage meaningfully.,2,3
308,IBPS PO,2024,General Awareness,Geography,Hard,Which state has the highest geographical area?,2,3
309,RRB NTPC,2021,Quantitative Aptitude,Profit and Loss,Hard,Find the selling price if cost price is 100 and profit is 25%.,5,3
310,RRB NTPC,2025,Quantitative Aptitude,Data Interpretation,Hard,Analyse the bar graph and find the percentage change.,1,3
311,SSC CGL,2025,English,Vocabulary,Medium,Choose the correct meaning of the word.,1,2
312,SSC CHSL,2023,Reasoning,Blood Relation,Easy,A is the son of B. B is the daughter of C. How is A related to C?,3,1
313,SSC CGL,2025,English,Cloze Test,Easy,Fill in the blanks to complete the passage meaningfully.,1,1
314,SSC CGL,2021,English,Cloze Test,Easy,Fill in the blanks to complete the passage meaningfully.,5,1
315,RRB NTPC,2022,Quantitative Aptitude,Time and Work,Easy,A can complete a work in 400 days and B in 10 days. Find the time taken together.,4,1
316,SSC CHSL,2025,Quantitative Aptitude,Percentage,Hard,A number is increased by 15%. Find the new value.,1,3
317,SSC CHSL,2021,English,Cloze Test,Medium,Fill in the blanks to complete the passage meaningfully.,5,2
318,SSC CGL,2022,Reasoning,Syllogism,Medium,"Based on the two statements, find the valid conclusion.",4,2
319,SSC CHSL,2025,English,Sentence Improvement,Easy,Improve the underlined part of the given sentence.,1,1
320,SSC CHSL,2024,English,Grammar,Medium,Choose the grammatically correct sentence.,2,2
321,SSC CGL,2023,English,Cloze Test,Easy,Fill in the blanks to complete the passage meaningfully.,3,1
322,IBPS PO,2025,Reasoning,Analogy,Easy,Book is related to Reading. Pen is related to?,1,1
323,SSC CHSL,2025,Quantitative Aptitude,Profit and Loss,Medium,A shopkeeper marks an item 10% above cost price. Find the marked price.,1,2
324,RRB NTPC,2024,Quantitative Aptitude,Algebra,Medium,Simplify the given quadratic expression.,2,2
325,IBPS PO,2024,Reasoning,Coding Decoding,Hard,Find the next term using a coding pattern.,2,3
326,SSC CHSL,2024,General Awareness,Geography,Medium,Which state has the highest geographical area?,2,2
327,SSC CHSL,2023,English,Vocabulary,Medium,Choose the antonym of the given word.,3,2
328,SSC CHSL,2023,Quantitative Aptitude,Algebra,Easy,"If x + y = 300 and x - y = 36, find the value of x.",3,1
329,SSC CHSL,2025,English,Sentence Improvement,Easy,Improve the underlined part of the given sentence.,1,1
330,IBPS PO,2021,English,Sentence Improvement,Hard,Improve the underlined part of the given sentence.,5,3
331,SSC CGL,2024,English,Grammar,Easy,Choose the grammatically correct sentence.,2,1
332,IBPS PO,2022,English,Grammar,Easy,Identify the error in the sentence.,4,1
333,SSC CGL,2024,English,Grammar,Medium,Identify the error in the sentence.,2,2
334,RRB NTPC,2023,General Awareness,Current Affairs,Medium,Who was recently appointed to the given post?,3,2
335,SSC CHSL,2024,Reasoning,Analogy,Easy,Choose the word that best completes the analogy.,2,1
336,IBPS PO,2024,English,Sentence Improvement,Medium,Improve the underlined part of the given sentence.,2,2
337,IBPS PO,2024,Quantitative Aptitude,Geometry,Easy,Find the perimeter of a rectangle with length 250 cm and breadth 10 cm.,2,1
338,RRB NTPC,2024,General Awareness,Science,Hard,Identify the SI unit of the given physical quantity.,2,3
339,SSC CHSL,2025,Quantitative Aptitude,Time and Work,Medium,A pipe fills a tank in 250 hours. Find the time to fill 15% of the tank.,1,2
340,SSC CHSL,2024,Quantitative Aptitude,Geometry,Hard,Find the type of triangle having all angles equal.,2,3
341,SSC CHSL,2025,General Awareness,Indian Polity,Easy,Which article of the Constitution deals with the given provision?,1,1
342,SSC CHSL,2024,Reasoning,Syllogism,Hard,Determine whether the given statements follow logically.,2,3
343,SSC CHSL,2022,English,Grammar,Medium,Identify the error in the sentence.,4,2
344,IBPS PO,2025,Reasoning,Puzzle,Medium,Arrange the given items based on the clues provided.,1,2
345,RRB NTPC,2022,Quantitative Aptitude,Algebra,Hard,"If x + y = 300 and x - y = 10, find the value of x.",4,3
346,RRB NTPC,2023,General Awareness,Indian Polity,Easy,Which article of the Constitution deals with the given provision?,3,1
347,IBPS PO,2021,English,Grammar,Medium,Choose the grammatically correct sentence.,5,2
348,SSC CHSL,2021,Reasoning,Syllogism,Medium,Determine whether the given statements follow logically.,5,2
349,SSC CGL,2021,Reasoning,Blood Relation,Medium,A is the son of B. B is the daughter of C. How is A related to C?,5,2
350,IBPS PO,2023,Quantitative Aptitude,Algebra,Hard,"If x + y = 200 and x - y = 18, find the value of x.",3,3
351,IBPS PO,2021,General Awareness,Science,Medium,Identify the SI unit of the given physical quantity.,5,2
352,IBPS PO,2021,Reasoning,Coding Decoding,Medium,"If CAT is coded as DBU, how is DOG coded?",5,2
353,IBPS PO,2024,Quantitative Aptitude,Time and Work,Easy,Find the efficiency ratio of two workers given their individual work rates.,2,1
354,IBPS PO,2025,General Awareness,Science,Medium,Which gas is essential for respiration?,1,2
355,SSC CGL,2023,English,Vocabulary,Hard,Choose the antonym of the given word.,3,3
356,IBPS PO,2024,Reasoning,Blood Relation,Easy,Find the relationship between two persons based on the given statements.,2,1
357,IBPS PO,2022,Reasoning,Direction Sense,Medium,A person walks 500 km north and then 24 km east. Find the shortest distance to start.,4,2
358,RRB NTPC,2023,Quantitative Aptitude,Percentage,Hard,"If a value decreases by 5%, find the resulting percentage change.",3,3
359,IBPS PO,2022,Reasoning,Analogy,Easy,Book is related to Reading. Pen is related to?,4,1
360,SSC CHSL,2025,General Awareness,Indian Polity,Hard,Which article of the Constitution deals with the given provision?,1,3
361,RRB NTPC,2021,Quantitative Aptitude,Data Interpretation,Easy,Find the ratio of values shown in the given pie chart.,5,1
362,RRB NTPC,2023,Quantitative Aptitude,Algebra,Easy,Solve the given algebraic equation for x.,3,1
363,SSC CGL,2024,Quantitative Aptitude,Algebra,Easy,Solve the given algebraic equation for x.,2,1
364,IBPS PO,2022,Quantitative Aptitude,Simple Interest,Easy,Find the simple interest on 300 at 12% per annum for 36 years.,4,1
365,SSC CHSL,2024,English,Grammar,Hard,Identify the error in the sentence.,2,3
366,RRB NTPC,2025,English,Vocabulary,Easy,Choose the correct meaning of the word.,1,1
367,SSC CHSL,2023,English,Vocabulary,Medium,Choose the antonym of the given word.,3,2
368,SSC CHSL,2021,English,Sentence Improvement,Medium,Improve the underlined part of the given sentence.,5,2
369,SSC CHSL,2021,General Awareness,Geography,Easy,Which state has the highest geographical area?,5,1
370,IBPS PO,2023,General Awareness,Current Affairs,Easy,Who was recently appointed to the given post?,3,1
371,RRB NTPC,2025,Reasoning,Direction Sense,Medium,A person walks 200 km north and then 10 km east. Find the shortest distance to start.,1,2
372,RRB NTPC,2022,Reasoning,Direction Sense,Hard,A person walks 250 km north and then 15 km east. Find the shortest distance to start.,4,3
373,RRB NTPC,2022,Reasoning,Blood Relation,Medium,A is the son of B. B is the daughter of C. How is A related to C?,4,2
374,RRB NTPC,2023,General Awareness,Static GK,Easy,Identify the national symbol described in the question.,3,1
375,IBPS PO,2025,General Awareness,History,Medium,Who founded the Maurya Empire?,1,2
376,IBPS PO,2024,Reasoning,Syllogism,Easy,Determine whether the given statements follow logically.,2,1
377,IBPS PO,2022,Quantitative Aptitude,Profit and Loss,Easy,An article bought for 200 is sold for 10. Find the profit or loss percentage.,4,1
378,SSC CGL,2021,General Awareness,Static GK,Easy,Identify the national symbol described in the question.,5,1
379,SSC CHSL,2023,General Awareness,Static GK,Easy,Identify the national symbol described in the question.,3,1
380,SSC CHSL,2025,General Awareness,Static GK,Easy,Identify the national symbol described in the question.,1,1
381,SSC CGL,2023,General Awareness,History,Easy,Identify the event associated with the given year.,3,1
382,SSC CHSL,2023,Reasoning,Blood Relation,Easy,A is the son of B. B is the daughter of C. How is A related to C?,3,1
383,IBPS PO,2024,General Awareness,Static GK,Medium,Identify the national symbol described in the question.,2,2
384,RRB NTPC,2023,Quantitative Aptitude,Data Interpretation,Hard,Analyse the bar graph and find the percentage change.,3,3
385,IBPS PO,2024,Reasoning,Puzzle,Hard,Arrange the given items based on the clues provided.,2,3
386,SSC CGL,2021,Reasoning,Puzzle,Easy,Arrange the given items based on the clues provided.,5,1
387,IBPS PO,2025,Reasoning,Series,Hard,Find the next term in the given number series.,1,3
388,IBPS PO,2023,Quantitative Aptitude,Geometry,Easy,Find the type of triangle having all angles equal.,3,1
389,IBPS PO,2025,Quantitative Aptitude,Percentage,Medium,A student scored 20% marks in an exam. Find the marks obtained out of 100.,1,2
390,SSC CHSL,2025,Reasoning,Syllogism,Medium,Determine whether the given statements follow logically.,1,2
391,IBPS PO,2022,Reasoning,Syllogism,Hard,"Based on the two statements, find the valid conclusion.",4,3
392,SSC CGL,2021,Quantitative Aptitude,Percentage,Medium,A number is increased by 15%. Find the new value.,5,2
393,IBPS PO,2023,General Awareness,Science,Medium,Which gas is essential for respiration?,3,2
394,SSC CGL,2022,General Awareness,Current Affairs,Hard,Which event is currently in the news?,4,3
395,IBPS PO,2025,English,Cloze Test,Hard,Fill in the blanks to complete the passage meaningfully.,1,3
396,SSC CGL,2021,English,Sentence Improvement,Medium,Improve the underlined part of the given sentence.,5,2
397,RRB NTPC,2025,General Awareness,History,Medium,Identify the event associated with the given year.,1,2
398,SSC CGL,2024,Reasoning,Syllogism,Hard,Determine whether the given statements follow logically.,2,3
399,SSC CHSL,2024,General Awareness,Geography,Medium,Which river is the longest in India?,2,2
400,SSC CGL,2022,English,Vocabulary,Easy,Choose the correct meaning of the word.,4,1
401,RRB NTPC,2023,General Awareness,Current Affairs,Medium,Who was recently appointed to the given post?,3,2
402,RRB NTPC,2024,Reasoning,Coding Decoding,Medium,"If CAT is coded as DBU, how is DOG coded?",2,2
403,SSC CHSL,2023,Quantitative Aptitude,Algebra,Medium,"If x + y = 250 and x - y = 18, find the value of x.",3,2
404,IBPS PO,2022,Quantitative Aptitude,Profit and Loss,Medium,An article bought for 400 is sold for 12. Find the profit or loss percentage.,4,2
405,SSC CHSL,2022,Reasoning,Coding Decoding,Easy,Find the next term using a coding pattern.,4,1
406,IBPS PO,2022,English,Cloze Test,Easy,Fill in the blanks to complete the passage meaningfully.,4,1
407,IBPS PO,2023,English,Sentence Improvement,Easy,Improve the underlined part of the given sentence.,3,1
408,SSC CGL,2021,Reasoning,Puzzle,Easy,Solve the seating arrangement puzzle based on given conditions.,5,1
409,SSC CHSL,2021,General Awareness,History,Easy,Who founded the Maurya Empire?,5,1
410,SSC CGL,2023,General Awareness,Indian Polity,Medium,Which article of the Constitution deals with the given provision?,3,2
411,IBPS PO,2025,Reasoning,Coding Decoding,Easy,Find the next term using a coding pattern.,1,1
412,SSC CHSL,2022,Reasoning,Syllogism,Easy,"Based on the two statements, find the valid conclusion.",4,1
413,SSC CGL,2023,English,Vocabulary,Medium,Choose the correct meaning of the word.,3,2
414,RRB NTPC,2024,General Awareness,Static GK,Hard,Identify the national symbol described in the question.,2,3
415,RRB NTPC,2021,Quantitative Aptitude,Data Interpretation,Easy,Find the ratio of values shown in the given pie chart.,5,1
416,SSC CHSL,2021,English,Vocabulary,Easy,Choose the synonym of the given word.,5,1
417,RRB NTPC,2024,General Awareness,Current Affairs,Hard,Who was recently appointed to the given post?,2,3
418,RRB NTPC,2021,Reasoning,Series,Easy,Find the missing number in the series.,5,1
419,SSC CHSL,2025,Quantitative Aptitude,Algebra,Hard,Find the roots of the equation x^2 - 300x + 24 = 0.,1,3
420,SSC CGL,2024,Reasoning,Coding Decoding,Hard,Decode the given word using the same logic as the example.,2,3
421,RRB NTPC,2021,English,Grammar,Hard,Fill in the blank with the correct form of the verb.,5,3
422,SSC CHSL,2025,Quantitative Aptitude,Data Interpretation,Easy,Analyse the bar graph and find the percentage change.,1,1
423,IBPS PO,2021,English,Cloze Test,Easy,Fill in the blanks to complete the passage meaningfully.,5,1
424,RRB NTPC,2022,General Awareness,Science,Easy,Which gas is essential for respiration?,4,1
425,RRB NTPC,2023,Quantitative Aptitude,Simple Interest,Easy,Find the simple interest on 250 at 5% per annum for 18 years.,3,1
426,SSC CHSL,2025,Reasoning,Analogy,Medium,Book is related to Reading. Pen is related to?,1,2
427,SSC CGL,2021,Quantitative Aptitude,Algebra,Medium,Solve the given algebraic equation for x.,5,2
428,SSC CGL,2021,Reasoning,Puzzle,Medium,Solve the seating arrangement puzzle based on given conditions.,5,2
429,IBPS PO,2021,English,Cloze Test,Medium,Fill in the blanks to complete the passage meaningfully.,5,2
430,SSC CHSL,2023,General Awareness,Current Affairs,Medium,Which event is currently in the news?,3,2
431,SSC CHSL,2022,Quantitative Aptitude,Percentage,Medium,"If a value decreases by 50%, find the resulting percentage change.",4,2
432,SSC CGL,2023,Quantitative Aptitude,Data Interpretation,Medium,Analyse the bar graph and find the percentage change.,3,2
433,RRB NTPC,2025,Quantitative Aptitude,Algebra,Easy,Simplify the given quadratic expression.,1,1
434,IBPS PO,2021,English,Vocabulary,Hard,Choose the correct meaning of the word.,5,3
435,SSC CHSL,2024,Reasoning,Puzzle,Hard,Arrange the given items based on the clues provided.,2,3
436,SSC CHSL,2022,Quantitative Aptitude,Simple Interest,Easy,Find the simple interest on 200 at 50% per annum for 30 years.,4,1
437,RRB NTPC,2025,English,Cloze Test,Medium,Fill in the blanks to complete the passage meaningfully.,1,2
438,IBPS PO,2025,Quantitative Aptitude,Algebra,Medium,Solve the given algebraic equation for x.,1,2
439,RRB NTPC,2025,Reasoning,Coding Decoding,Medium,Find the next term using a coding pattern.,1,2
440,SSC CGL,2021,Quantitative Aptitude,Geometry,Easy,Find the type of triangle having all angles equal.,5,1
441,RRB NTPC,2021,Reasoning,Puzzle,Hard,Solve the seating arrangement puzzle based on given conditions.,5,3
442,SSC CGL,2025,Quantitative Aptitude,Simple Interest,Easy,Find the principal amount given simple interest of 150 at 12% rate.,1,1
443,IBPS PO,2024,Quantitative Aptitude,Percentage,Medium,The population of a town grew by 30% in a year. Find the increase.,2,2
444,SSC CGL,2025,Reasoning,Puzzle,Hard,Solve the seating arrangement puzzle based on given conditions.,1,3
445,RRB NTPC,2022,English,Cloze Test,Easy,Fill in the blanks to complete the passage meaningfully.,4,1
446,SSC CHSL,2024,English,Grammar,Medium,Fill in the blank with the correct form of the verb.,2,2
447,IBPS PO,2024,English,Cloze Test,Easy,Fill in the blanks to complete the passage meaningfully.,2,1
448,SSC CGL,2025,Quantitative Aptitude,Time and Work,Hard,A can complete a work in 200 days and B in 36 days. Find the time taken together.,1,3
449,IBPS PO,2025,Reasoning,Coding Decoding,Medium,Find the next term using a coding pattern.,1,2
450,SSC CGL,2024,English,Vocabulary,Hard,Choose the synonym of the given word.,2,3
451,SSC CHSL,2021,Quantitative Aptitude,Simple Interest,Easy,Find the simple interest on 500 at 40% per annum for 10 years.,5,1
452,RRB NTPC,2022,General Awareness,Geography,Easy,Which state has the highest geographical area?,4,1
453,SSC CGL,2024,General Awareness,Geography,Medium,Which state has the highest geographical area?,2,2
454,IBPS PO,2022,English,Reading Comprehension,Medium,Read the passage and answer the question.,4,2
455,RRB NTPC,2024,Quantitative Aptitude,Time and Work,Easy,A pipe fills a tank in 150 hours. Find the time to fill 12% of the tank.,2,1
456,SSC CHSL,2022,English,Cloze Test,Hard,Fill in the blanks to complete the passage meaningfully.,4,3
457,IBPS PO,2023,Quantitative Aptitude,Time and Work,Medium,A pipe fills a tank in 150 hours. Find the time to fill 50% of the tank.,3,2
458,IBPS PO,2025,General Awareness,Indian Polity,Easy,Which article of the Constitution deals with the given provision?,1,1
459,RRB NTPC,2023,Reasoning,Series,Hard,Find the missing number in the series.,3,3
460,RRB NTPC,2022,English,Vocabulary,Easy,Choose the correct meaning of the word.,4,1
461,RRB NTPC,2021,Quantitative Aptitude,Percentage,Easy,The population of a town grew by 12% in a year. Find the increase.,5,1
462,RRB NTPC,2021,English,Reading Comprehension,Easy,Read the passage and answer the question.,5,1
463,IBPS PO,2021,English,Reading Comprehension,Hard,Identify the main idea of the given passage.,5,3
464,IBPS PO,2022,Reasoning,Direction Sense,Medium,A person walks 250 km north and then 20 km east. Find the shortest distance to start.,4,2
465,IBPS PO,2021,English,Sentence Improvement,Easy,Improve the underlined part of the given sentence.,5,1
466,SSC CGL,2025,Quantitative Aptitude,Data Interpretation,Hard,Find the ratio of values shown in the given pie chart.,1,3
467,SSC CGL,2022,General Awareness,Static GK,Medium,Identify the national symbol described in the question.,4,2
468,IBPS PO,2024,General Awareness,Indian Polity,Hard,Who is known as the chief architect of the Indian Constitution?,2,3
469,IBPS PO,2021,Reasoning,Coding Decoding,Easy,Decode the given word using the same logic as the example.,5,1
470,IBPS PO,2025,English,Grammar,Hard,Fill in the blank with the correct form of the verb.,1,3
471,SSC CGL,2023,Quantitative Aptitude,Data Interpretation,Medium,Analyse the bar graph and find the percentage change.,3,2
472,IBPS PO,2025,General Awareness,History,Medium,Identify the event associated with the given year.,1,2
473,RRB NTPC,2025,Quantitative Aptitude,Time and Work,Medium,A can complete a work in 100 days and B in 10 days. Find the time taken together.,1,2
474,RRB NTPC,2025,Quantitative Aptitude,Simple Interest,Easy,Find the principal amount given simple interest of 250 at 40% rate.,1,1
475,SSC CHSL,2025,Quantitative Aptitude,Data Interpretation,Medium,Find the ratio of values shown in the given pie chart.,1,2
476,SSC CHSL,2021,Quantitative Aptitude,Geometry,Easy,Find the type of triangle having all angles equal.,5,1
477,IBPS PO,2021,Reasoning,Analogy,Medium,Book is related to Reading. Pen is related to?,5,2
478,RRB NTPC,2022,English,Sentence Improvement,Easy,Improve the underlined part of the given sentence.,4,1
479,RRB NTPC,2021,General Awareness,Science,Easy,Which gas is essential for respiration?,5,1
480,RRB NTPC,2022,General Awareness,History,Medium,Identify the event associated with the given year.,4,2
481,IBPS PO,2023,Reasoning,Puzzle,Easy,Solve the seating arrangement puzzle based on given conditions.,3,1
482,SSC CGL,2025,English,Sentence Improvement,Medium,Improve the underlined part of the given sentence.,1,2
483,SSC CHSL,2021,Reasoning,Blood Relation,Medium,Find the relationship between two persons based on the given statements.,5,2
484,SSC CHSL,2024,General Awareness,History,Easy,Who founded the Maurya Empire?,2,1
485,SSC CGL,2022,Reasoning,Series,Medium,Find the missing number in the series.,4,2
486,SSC CHSL,2025,Quantitative Aptitude,Data Interpretation,Medium,Find the ratio of values shown in the given pie chart.,1,2
487,RRB NTPC,2025,Reasoning,Series,Medium,Find the next term in the given number series.,1,2
488,SSC CHSL,2022,General Awareness,History,Medium,Who founded the Maurya Empire?,4,2
489,IBPS PO,2025,English,Vocabulary,Hard,Choose the correct meaning of the word.,1,3
490,SSC CHSL,2024,Quantitative Aptitude,Profit and Loss,Easy,An article bought for 150 is sold for 24. Find the profit or loss percentage.,2,1
491,IBPS PO,2025,Quantitative Aptitude,Time and Work,Easy,A can complete a work in 200 days and B in 12 days. Find the time taken together.,1,1
492,RRB NTPC,2023,Quantitative Aptitude,Profit and Loss,Medium,An article bought for 400 is sold for 36. Find the profit or loss percentage.,3,2
493,IBPS PO,2025,English,Cloze Test,Hard,Fill in the blanks to complete the passage meaningfully.,1,3
494,SSC CGL,2025,Reasoning,Coding Decoding,Easy,Decode the given word using the same logic as the example.,1,1
495,IBPS PO,2025,English,Grammar,Easy,Choose the grammatically correct sentence.,1,1
496,SSC CGL,2022,General Awareness,Geography,Medium,Which river is the longest in India?,4,2
497,SSC CGL,2025,Quantitative Aptitude,Simple Interest,Easy,Find the simple interest on 150 at 25% per annum for 24 years.,1,1
498,SSC CGL,2024,General Awareness,Static GK,Easy,Identify the national symbol described in the question.,2,1
499,SSC CHSL,2023,Reasoning,Analogy,Medium,Choose the word that best completes the analogy.,3,2
500,IBPS PO,2025,General Awareness,Indian Polity,Easy,Which article of the Constitution deals with the given provision?,1,1
501,IBPS PO,2022,General Awareness,Static GK,Easy,Identify the national symbol described in the question.,4,1
502,SSC CHSL,2023,General Awareness,Current Affairs,Easy,Which event is currently in the news?,3,1
503,SSC CGL,2021,English,Grammar,Hard,Choose the grammatically correct sentence.,5,3
504,RRB NTPC,2024,General Awareness,Science,Medium,Identify the SI unit of the given physical quantity.,2,2
505,SSC CHSL,2024,Quantitative Aptitude,Percentage,Hard,The population of a town grew by 20% in a year. Find the increase.,2,3
506,IBPS PO,2022,Quantitative Aptitude,Data Interpretation,Hard,Analyse the bar graph and find the percentage change.,4,3
507,RRB NTPC,2025,Reasoning,Series,Easy,Find the odd one out from the given series.,1,1
508,SSC CGL,2025,English,Cloze Test,Easy,Fill in the blanks to complete the passage meaningfully.,1,1
509,RRB NTPC,2024,Reasoning,Coding Decoding,Hard,"If CAT is coded as DBU, how is DOG coded?",2,3
510,IBPS PO,2022,Quantitative Aptitude,Geometry,Easy,Find the perimeter of a rectangle with length 150 cm and breadth 12 cm.,4,1
511,SSC CHSL,2021,Quantitative Aptitude,Algebra,Medium,Solve the given algebraic equation for x.,5,2
512,RRB NTPC,2022,General Awareness,Current Affairs,Medium,Which event is currently in the news?,4,2
513,IBPS PO,2025,English,Cloze Test,Medium,Fill in the blanks to complete the passage meaningfully.,1,2
514,SSC CHSL,2024,General Awareness,Static GK,Easy,Identify the national symbol described in the question.,2,1
515,RRB NTPC,2022,Quantitative Aptitude,Data Interpretation,Easy,Analyse the bar graph and find the percentage change.,4,1
516,IBPS PO,2022,General Awareness,Current Affairs,Medium,Who was recently appointed to the given post?,4,2
517,SSC CHSL,2025,General Awareness,Science,Medium,Which gas is essential for respiration?,1,2
518,IBPS PO,2023,English,Vocabulary,Medium,Choose the synonym of the given word.,3,2
519,IBPS PO,2025,English,Reading Comprehension,Medium,Identify the main idea of the given passage.,1,2
520,SSC CGL,2022,Quantitative Aptitude,Algebra,Hard,"If x + y = 100 and x - y = 24, find the value of x.",4,3
521,IBPS PO,2023,Reasoning,Direction Sense,Hard,A person walks 400 km north and then 24 km east. Find the shortest distance to start.,3,3
522,IBPS PO,2025,General Awareness,History,Hard,Who founded the Maurya Empire?,1,3
523,RRB NTPC,2022,Reasoning,Coding Decoding,Hard,Decode the given word using the same logic as the example.,4,3
524,SSC CGL,2021,English,Vocabulary,Easy,Choose the correct meaning of the word.,5,1
525,SSC CHSL,2021,Reasoning,Syllogism,Easy,Determine whether the given statements follow logically.,5,1
526,IBPS PO,2021,Quantitative Aptitude,Geometry,Easy,Find the perimeter of a rectangle with length 200 cm and breadth 36 cm.,5,1
527,SSC CGL,2022,Reasoning,Syllogism,Easy,Determine whether the given statements follow logically.,4,1
528,SSC CHSL,2021,Reasoning,Coding Decoding,Hard,Decode the given word using the same logic as the example.,5,3
529,IBPS PO,2021,English,Sentence Improvement,Medium,Improve the underlined part of the given sentence.,5,2
530,SSC CHSL,2024,Reasoning,Blood Relation,Medium,Find the relationship between two persons based on the given statements.,2,2
531,IBPS PO,2023,Reasoning,Analogy,Easy,Choose the word that best completes the analogy.,3,1
532,SSC CHSL,2023,English,Cloze Test,Medium,Fill in the blanks to complete the passage meaningfully.,3,2
533,IBPS PO,2024,General Awareness,Science,Easy,Which gas is essential for respiration?,2,1
534,SSC CGL,2024,Reasoning,Syllogism,Easy,"Based on the two statements, find the valid conclusion.",2,1
535,SSC CHSL,2024,Quantitative Aptitude,Simple Interest,Easy,Find the simple interest on 400 at 20% per annum for 10 years.,2,1
536,RRB NTPC,2025,English,Sentence Improvement,Medium,Improve the underlined part of the given sentence.,1,2
537,SSC CGL,2024,Reasoning,Coding Decoding,Easy,Find the next term using a coding pattern.,2,1
538,SSC CHSL,2024,English,Cloze Test,Medium,Fill in the blanks to complete the passage meaningfully.,2,2
539,RRB NTPC,2023,Quantitative Aptitude,Profit and Loss,Easy,A trader allows a discount of 30%. Find the new selling price.,3,1
540,IBPS PO,2021,English,Sentence Improvement,Medium,Improve the underlined part of the given sentence.,5,2
541,SSC CHSL,2023,Quantitative Aptitude,Geometry,Medium,Find the perimeter of a rectangle with length 600 cm and breadth 30 cm.,3,2
542,SSC CHSL,2025,Reasoning,Series,Easy,Find the odd one out from the given series.,1,1
543,IBPS PO,2025,Quantitative Aptitude,Profit and Loss,Medium,A shopkeeper marks an item 40% above cost price. Find the marked price.,1,2
544,IBPS PO,2021,Reasoning,Analogy,Medium,Book is related to Reading. Pen is related to?,5,2
545,SSC CHSL,2023,Quantitative Aptitude,Profit and Loss,Medium,A shopkeeper marks an item 15% above cost price. Find the marked price.,3,2
546,IBPS PO,2025,General Awareness,Geography,Easy,Which river is the longest in India?,1,1
547,SSC CGL,2022,General Awareness,History,Medium,Identify the event associated with the given year.,4,2
548,SSC CGL,2025,General Awareness,Current Affairs,Hard,Who was recently appointed to the given post?,1,3
549,SSC CGL,2021,Reasoning,Series,Easy,Find the odd one out from the given series.,5,1
550,RRB NTPC,2025,Quantitative Aptitude,Profit and Loss,Hard,A trader allows a discount of 40%. Find the new selling price.,1,3
551,SSC CGL,2022,Reasoning,Analogy,Medium,Choose the word that best completes the analogy.,4,2
552,RRB NTPC,2024,English,Vocabulary,Medium,Choose the antonym of the given word.,2,2
553,RRB NTPC,2021,Quantitative Aptitude,Simple Interest,Medium,Find the principal amount given simple interest of 150 at 15% rate.,5,2
554,SSC CGL,2024,Reasoning,Series,Medium,Find the missing number in the series.,2,2
555,IBPS PO,2021,Reasoning,Coding Decoding,Hard,Find the next term using a coding pattern.,5,3
556,RRB NTPC,2025,Quantitative Aptitude,Data Interpretation,Medium,Find the average from the given data table.,1,2
557,SSC CHSL,2022,Reasoning,Puzzle,Easy,Solve the seating arrangement puzzle based on given conditions.,4,1
558,SSC CGL,2022,Quantitative Aptitude,Algebra,Easy,Simplify the given quadratic expression.,4,1
559,SSC CGL,2021,Quantitative Aptitude,Geometry,Hard,Find the area of a triangle with base 500 cm and height 36 cm.,5,3
560,RRB NTPC,2023,Reasoning,Syllogism,Medium,Determine whether the given statements follow logically.,3,2
561,SSC CHSL,2025,General Awareness,Static GK,Medium,Identify the national symbol described in the question.,1,2
562,SSC CHSL,2025,English,Reading Comprehension,Easy,Identify the main idea of the given passage.,1,1
563,SSC CGL,2023,Reasoning,Puzzle,Easy,Arrange the given items based on the clues provided.,3,1
564,SSC CGL,2024,English,Cloze Test,Medium,Fill in the blanks to complete the passage meaningfully.,2,2
565,IBPS PO,2021,Quantitative Aptitude,Geometry,Hard,Find the perimeter of a rectangle with length 750 cm and breadth 36 cm.,5,3
566,RRB NTPC,2022,English,Cloze Test,Hard,Fill in the blanks to complete the passage meaningfully.,4,3
567,SSC CHSL,2024,Reasoning,Syllogism,Hard,"Based on the two statements, find the valid conclusion.",2,3
568,IBPS PO,2022,Reasoning,Series,Easy,Find the next term in the given number series.,4,1
569,RRB NTPC,2024,Quantitative Aptitude,Geometry,Easy,Find the perimeter of a rectangle with length 400 cm and breadth 30 cm.,2,1
570,SSC CGL,2022,English,Reading Comprehension,Easy,Read the passage and answer the question.,4,1
571,IBPS PO,2021,Reasoning,Coding Decoding,Easy,"If CAT is coded as DBU, how is DOG coded?",5,1
572,RRB NTPC,2022,English,Vocabulary,Medium,Choose the antonym of the given word.,4,2
573,SSC CGL,2022,Quantitative Aptitude,Algebra,Hard,Find the roots of the equation x^2 - 300x + 20 = 0.,4,3
574,SSC CHSL,2025,Reasoning,Analogy,Easy,Book is related to Reading. Pen is related to?,1,1
575,IBPS PO,2024,Quantitative Aptitude,Data Interpretation,Medium,Analyse the bar graph and find the percentage change.,2,2
576,SSC CGL,2021,Quantitative Aptitude,Profit and Loss,Hard,Find the selling price if cost price is 750 and profit is 20%.,5,3
577,RRB NTPC,2024,Reasoning,Series,Medium,Find the odd one out from the given series.,2,2
578,RRB NTPC,2025,Quantitative Aptitude,Algebra,Hard,Simplify the given quadratic expression.,1,3
579,IBPS PO,2021,English,Sentence Improvement,Easy,Improve the underlined part of the given sentence.,5,1
580,IBPS PO,2024,English,Grammar,Medium,Fill in the blank with the correct form of the verb.,2,2
581,IBPS PO,2024,General Awareness,Indian Polity,Hard,Who is known as the chief architect of the Indian Constitution?,2,3
582,SSC CHSL,2025,Quantitative Aptitude,Geometry,Medium,Find the circumference of a circle with radius 200 cm.,1,2
583,SSC CGL,2021,General Awareness,Current Affairs,Medium,Who was recently appointed to the given post?,5,2
584,RRB NTPC,2023,Quantitative Aptitude,Percentage,Medium,A number is increased by 25%. Find the new value.,3,2
585,IBPS PO,2023,General Awareness,Indian Polity,Hard,Who is known as the chief architect of the Indian Constitution?,3,3
586,SSC CHSL,2024,Quantitative Aptitude,Simple Interest,Easy,Find the simple interest on 750 at 50% per annum for 12 years.,2,1
587,RRB NTPC,2021,General Awareness,History,Easy,Who founded the Maurya Empire?,5,1
588,IBPS PO,2024,General Awareness,Geography,Medium,Which river is the longest in India?,2,2
589,RRB NTPC,2023,Reasoning,Syllogism,Hard,"Based on the two statements, find the valid conclusion.",3,3
590,SSC CGL,2021,General Awareness,History,Easy,Who founded the Maurya Empire?,5,1
591,SSC CGL,2025,General Awareness,Science,Easy,Which gas is essential for respiration?,1,1
592,SSC CHSL,2022,Reasoning,Analogy,Hard,Choose the word that best completes the analogy.,4,3
593,RRB NTPC,2023,Reasoning,Syllogism,Easy,"Based on the two statements, find the valid conclusion.",3,1
594,RRB NTPC,2023,General Awareness,Current Affairs,Medium,Who was recently appointed to the given post?,3,2
595,SSC CHSL,2024,Reasoning,Syllogism,Easy,"Based on the two statements, find the valid conclusion.",2,1
596,SSC CGL,2021,General Awareness,Current Affairs,Easy,Who was recently appointed to the given post?,5,1
597,SSC CHSL,2021,General Awareness,Indian Polity,Medium,Who is known as the chief architect of the Indian Constitution?,5,2
598,SSC CHSL,2024,Reasoning,Coding Decoding,Medium,Find the next term using a coding pattern.,2,2
599,RRB NTPC,2025,General Awareness,Static GK,Easy,Identify the national symbol described in the question.,1,1
600,RRB NTPC,2022,English,Sentence Improvement,Easy,Improve the underlined part of the given sentence.,4,1
601,SSC CGL,2022,General Awareness,Geography,Hard,Which river is the longest in India?,4,3
602,SSC CGL,2022,English,Sentence Improvement,Hard,Improve the underlined part of the given sentence.,4,3
603,RRB NTPC,2024,Quantitative Aptitude,Data Interpretation,Medium,Find the ratio of values shown in the given pie chart.,2,2
604,SSC CHSL,2024,English,Sentence Improvement,Medium,Improve the underlined part of the given sentence.,2,2
605,IBPS PO,2023,Reasoning,Syllogism,Hard,Determine whether the given statements follow logically.,3,3
606,SSC CHSL,2024,Quantitative Aptitude,Algebra,Easy,Solve the given algebraic equation for x.,2,1
607,SSC CGL,2021,General Awareness,History,Medium,Identify the event associated with the given year.,5,2
608,IBPS PO,2021,Quantitative Aptitude,Geometry,Medium,Find the circumference of a circle with radius 400 cm.,5,2
609,SSC CGL,2024,Reasoning,Puzzle,Hard,Solve the seating arrangement puzzle based on given conditions.,2,3
610,SSC CGL,2021,Reasoning,Blood Relation,Easy,A is the son of B. B is the daughter of C. How is A related to C?,5,1
611,SSC CHSL,2022,Reasoning,Syllogism,Medium,"Based on the two statements, find the valid conclusion.",4,2
612,IBPS PO,2022,General Awareness,Static GK,Medium,Identify the national symbol described in the question.,4,2
613,SSC CHSL,2022,Reasoning,Blood Relation,Hard,A is the son of B. B is the daughter of C. How is A related to C?,4,3
614,SSC CGL,2021,General Awareness,Static GK,Easy,Identify the national symbol described in the question.,5,1
615,IBPS PO,2021,Quantitative Aptitude,Profit and Loss,Medium,Find the selling price if cost price is 300 and profit is 40%.,5,2
616,RRB NTPC,2021,Reasoning,Series,Easy,Find the odd one out from the given series.,5,1
617,SSC CGL,2025,English,Cloze Test,Hard,Fill in the blanks to complete the passage meaningfully.,1,3
618,IBPS PO,2021,Reasoning,Blood Relation,Medium,Find the relationship between two persons based on the given statements.,5,2
619,SSC CGL,2022,General Awareness,Geography,Easy,Which state has the highest geographical area?,4,1
620,RRB NTPC,2025,English,Sentence Improvement,Easy,Improve the underlined part of the given sentence.,1,1
621,SSC CGL,2021,General Awareness,Static GK,Easy,Identify the national symbol described in the question.,5,1
622,IBPS PO,2022,Quantitative Aptitude,Data Interpretation,Hard,Analyse the bar graph and find the percentage change.,4,3
623,SSC CGL,2024,Quantitative Aptitude,Algebra,Medium,Find the roots of the equation x^2 - 300x + 24 = 0.,2,2
624,IBPS PO,2024,Quantitative Aptitude,Geometry,Medium,Find the area of a triangle with base 750 cm and height 24 cm.,2,2
625,RRB NTPC,2021,Quantitative Aptitude,Algebra,Easy,Simplify the given quadratic expression.,5,1
626,IBPS PO,2024,Reasoning,Analogy,Hard,Choose the word that best completes the analogy.,2,3
627,RRB NTPC,2023,General Awareness,Current Affairs,Easy,Which event is currently in the news?,3,1
628,SSC CHSL,2022,English,Cloze Test,Medium,Fill in the blanks to complete the passage meaningfully.,4,2
629,RRB NTPC,2023,English,Sentence Improvement,Medium,Improve the underlined part of the given sentence.,3,2
630,IBPS PO,2023,English,Sentence Improvement,Hard,Improve the underlined part of the given sentence.,3,3
631,SSC CHSL,2024,Quantitative Aptitude,Profit and Loss,Hard,An article bought for 150 is sold for 18. Find the profit or loss percentage.,2,3
632,IBPS PO,2024,English,Reading Comprehension,Medium,Read the passage and answer the question.,2,2
633,IBPS PO,2024,Quantitative Aptitude,Time and Work,Hard,A can complete a work in 250 days and B in 18 days. Find the time taken together.,2,3
634,SSC CGL,2024,Quantitative Aptitude,Simple Interest,Hard,Find the principal amount given simple interest of 150 at 15% rate.,2,3
635,IBPS PO,2021,Quantitative Aptitude,Percentage,Hard,A student scored 5% marks in an exam. Find the marks obtained out of 100.,5,3
636,SSC CHSL,2024,Reasoning,Series,Easy,Find the odd one out from the given series.,2,1
637,SSC CGL,2022,English,Sentence Improvement,Easy,Improve the underlined part of the given sentence.,4,1
638,SSC CGL,2025,Quantitative Aptitude,Simple Interest,Medium,Find the principal amount given simple interest of 750 at 50% rate.,1,2
639,SSC CHSL,2023,English,Sentence Improvement,Medium,Improve the underlined part of the given sentence.,3,2
640,SSC CGL,2023,General Awareness,Indian Polity,Medium,Who is known as the chief architect of the Indian Constitution?,3,2
641,IBPS PO,2022,Quantitative Aptitude,Simple Interest,Hard,Find the simple interest on 250 at 20% per annum for 12 years.,4,3
642,SSC CGL,2023,English,Grammar,Easy,Fill in the blank with the correct form of the verb.,3,1
643,SSC CGL,2025,Quantitative Aptitude,Data Interpretation,Hard,Find the average from the given data table.,1,3
644,SSC CGL,2023,General Awareness,Current Affairs,Easy,Who was recently appointed to the given post?,3,1
645,SSC CGL,2021,English,Sentence Improvement,Medium,Improve the underlined part of the given sentence.,5,2
646,IBPS PO,2024,General Awareness,History,Easy,Who founded the Maurya Empire?,2,1
647,SSC CGL,2025,Reasoning,Puzzle,Medium,Solve the seating arrangement puzzle based on given conditions.,1,2
648,SSC CHSL,2024,English,Sentence Improvement,Easy,Improve the underlined part of the given sentence.,2,1
649,RRB NTPC,2021,English,Cloze Test,Easy,Fill in the blanks to complete the passage meaningfully.,5,1
650,SSC CHSL,2022,Quantitative Aptitude,Data Interpretation,Medium,Find the average from the given data table.,4,2
651,SSC CGL,2021,Reasoning,Puzzle,Medium,Solve the seating arrangement puzzle based on given conditions.,5,2
652,IBPS PO,2022,Reasoning,Coding Decoding,Medium,Find the next term using a coding pattern.,4,2
653,RRB NTPC,2023,Reasoning,Direction Sense,Easy,A person walks 300 km north and then 10 km east. Find the shortest distance to start.,3,1
654,RRB NTPC,2023,Reasoning,Blood Relation,Easy,A is the son of B. B is the daughter of C. How is A related to C?,3,1
655,SSC CHSL,2022,Reasoning,Coding Decoding,Hard,"If CAT is coded as DBU, how is DOG coded?",4,3
656,SSC CGL,2024,Quantitative Aptitude,Profit and Loss,Hard,A shopkeeper marks an item 5% above cost price. Find the marked price.,2,3
657,RRB NTPC,2023,Quantitative Aptitude,Profit and Loss,Hard,A shopkeeper marks an item 5% above cost price. Find the marked price.,3,3
658,SSC CGL,2021,General Awareness,Indian Polity,Easy,Which article of the Constitution deals with the given provision?,5,1
659,IBPS PO,2024,Quantitative Aptitude,Algebra,Medium,Solve the given algebraic equation for x.,2,2
660,RRB NTPC,2024,English,Sentence Improvement,Easy,Improve the underlined part of the given sentence.,2,1
661,IBPS PO,2021,General Awareness,Science,Hard,Which gas is essential for respiration?,5,3
662,SSC CGL,2021,General Awareness,Static GK,Medium,Identify the national symbol described in the question.,5,2
663,SSC CHSL,2025,Reasoning,Syllogism,Hard,Determine whether the given statements follow logically.,1,3
664,IBPS PO,2021,Quantitative Aptitude,Algebra,Medium,"If x + y = 150 and x - y = 36, find the value of x.",5,2
665,SSC CGL,2021,English,Grammar,Medium,Identify the error in the sentence.,5,2
666,SSC CGL,2023,Reasoning,Series,Hard,Find the missing number in the series.,3,3
667,SSC CGL,2023,Reasoning,Series,Hard,Find the missing number in the series.,3,3
668,IBPS PO,2022,Reasoning,Blood Relation,Easy,Find the relationship between two persons based on the given statements.,4,1
669,RRB NTPC,2024,Quantitative Aptitude,Data Interpretation,Medium,Analyse the bar graph and find the percentage change.,2,2
670,SSC CHSL,2025,English,Cloze Test,Easy,Fill in the blanks to complete the passage meaningfully.,1,1
671,IBPS PO,2021,General Awareness,Static GK,Hard,Identify the national symbol described in the question.,5,3
672,RRB NTPC,2025,Quantitative Aptitude,Percentage,Hard,A student scored 40% marks in an exam. Find the marks obtained out of 100.,1,3
673,SSC CHSL,2024,Quantitative Aptitude,Algebra,Easy,Find the roots of the equation x^2 - 600x + 18 = 0.,2,1
674,SSC CHSL,2021,General Awareness,Science,Medium,Which gas is essential for respiration?,5,2
675,RRB NTPC,2024,General Awareness,Current Affairs,Medium,Who was recently appointed to the given post?,2,2
676,IBPS PO,2025,Quantitative Aptitude,Time and Work,Hard,Find the efficiency ratio of two workers given their individual work rates.,1,3
677,SSC CHSL,2021,General Awareness,Indian Polity,Medium,Which article of the Constitution deals with the given provision?,5,2
678,IBPS PO,2024,Reasoning,Series,Medium,Find the next term in the given number series.,2,2
679,IBPS PO,2024,Quantitative Aptitude,Algebra,Medium,Find the roots of the equation x^2 - 200x + 24 = 0.,2,2
680,SSC CGL,2023,Quantitative Aptitude,Profit and Loss,Easy,A shopkeeper marks an item 12% above cost price. Find the marked price.,3,1
681,SSC CHSL,2021,Reasoning,Analogy,Medium,Book is related to Reading. Pen is related to?,5,2
682,SSC CHSL,2021,Reasoning,Series,Easy,Find the next term in the given number series.,5,1
683,RRB NTPC,2023,English,Sentence Improvement,Hard,Improve the underlined part of the given sentence.,3,3
684,SSC CGL,2024,Reasoning,Coding Decoding,Hard,Decode the given word using the same logic as the example.,2,3
685,RRB NTPC,2021,Quantitative Aptitude,Geometry,Medium,Find the circumference of a circle with radius 150 cm.,5,2
686,SSC CHSL,2021,General Awareness,Geography,Easy,Which state has the highest geographical area?,5,1
687,SSC CHSL,2022,General Awareness,Science,Medium,Which gas is essential for respiration?,4,2
688,RRB NTPC,2022,General Awareness,Science,Hard,Which gas is essential for respiration?,4,3
689,SSC CHSL,2021,Reasoning,Blood Relation,Easy,A is the son of B. B is the daughter of C. How is A related to C?,5,1
690,RRB NTPC,2022,Quantitative Aptitude,Algebra,Easy,Find the roots of the equation x^2 - 600x + 20 = 0.,4,1
691,IBPS PO,2023,General Awareness,Science,Hard,Identify the SI unit of the given physical quantity.,3,3
692,IBPS PO,2024,Reasoning,Analogy,Easy,Choose the word that best completes the analogy.,2,1
693,SSC CHSL,2024,Reasoning,Series,Hard,Find the odd one out from the given series.,2,3
694,RRB NTPC,2021,Reasoning,Direction Sense,Easy,A person walks 400 km north and then 12 km east. Find the shortest distance to start.,5,1
695,SSC CGL,2022,General Awareness,Indian Polity,Medium,Which article of the Constitution deals with the given provision?,4,2
696,SSC CGL,2025,General Awareness,Geography,Medium,Which river is the longest in India?,1,2
697,IBPS PO,2023,Quantitative Aptitude,Simple Interest,Hard,Find the simple interest on 100 at 40% per annum for 8 years.,3,3
698,IBPS PO,2023,General Awareness,Static GK,Easy,Identify the national symbol described in the question.,3,1
699,SSC CHSL,2023,General Awareness,Science,Medium,Identify the SI unit of the given physical quantity.,3,2
700,IBPS PO,2024,English,Sentence Improvement,Easy,Improve the underlined part of the given sentence.,2,1
701,RRB NTPC,2023,English,Sentence Improvement,Hard,Improve the underlined part of the given sentence.,3,3
702,IBPS PO,2022,English,Reading Comprehension,Medium,Read the passage and answer the question.,4,2
703,SSC CHSL,2023,English,Vocabulary,Easy,Choose the correct meaning of the word.,3,1
704,SSC CHSL,2025,Quantitative Aptitude,Time and Work,Medium,A can complete a work in 100 days and B in 36 days. Find the time taken together.,1,2
705,RRB NTPC,2021,Quantitative Aptitude,Algebra,Easy,Find the roots of the equation x^2 - 100x + 30 = 0.,5,1
706,SSC CGL,2024,General Awareness,Science,Medium,Identify the SI unit of the given physical quantity.,2,2
707,RRB NTPC,2021,English,Vocabulary,Hard,Choose the synonym of the given word.,5,3
708,SSC CHSL,2021,English,Sentence Improvement,Medium,Improve the underlined part of the given sentence.,5,2
709,IBPS PO,2025,Quantitative Aptitude,Simple Interest,Hard,Find the principal amount given simple interest of 500 at 25% rate.,1,3
710,RRB NTPC,2022,General Awareness,History,Hard,Identify the event associated with the given year.,4,3
711,IBPS PO,2024,Reasoning,Series,Easy,Find the odd one out from the given series.,2,1
712,SSC CGL,2022,English,Cloze Test,Medium,Fill in the blanks to complete the passage meaningfully.,4,2
713,SSC CHSL,2025,General Awareness,Current Affairs,Hard,Which event is currently in the news?,1,3
714,SSC CGL,2024,English,Vocabulary,Easy,Choose the correct meaning of the word.,2,1
715,RRB NTPC,2024,General Awareness,History,Easy,Identify the event associated with the given year.,2,1
716,SSC CHSL,2021,General Awareness,Current Affairs,Hard,Which event is currently in the news?,5,3
717,IBPS PO,2024,English,Reading Comprehension,Easy,Read the passage and answer the question.,2,1
718,SSC CGL,2024,General Awareness,Current Affairs,Easy,Who was recently appointed to the given post?,2,1
719,SSC CGL,2023,Reasoning,Puzzle,Medium,Solve the seating arrangement puzzle based on given conditions.,3,2
720,SSC CHSL,2021,General Awareness,Science,Medium,Which gas is essential for respiration?,5,2
721,SSC CHSL,2024,Reasoning,Puzzle,Easy,Arrange the given items based on the clues provided.,2,1
722,RRB NTPC,2021,Reasoning,Puzzle,Easy,Solve the seating arrangement puzzle based on given conditions.,5,1
723,RRB NTPC,2022,Reasoning,Series,Medium,Find the missing number in the series.,4,2
724,SSC CGL,2021,General Awareness,Indian Polity,Medium,Who is known as the chief architect of the Indian Constitution?,5,2
725,RRB NTPC,2025,English,Grammar,Hard,Identify the error in the sentence.,1,3
726,SSC CHSL,2025,General Awareness,Current Affairs,Medium,Which event is currently in the news?,1,2
727,RRB NTPC,2022,English,Sentence Improvement,Easy,Improve the underlined part of the given sentence.,4,1
728,RRB NTPC,2022,Reasoning,Puzzle,Hard,Arrange the given items based on the clues provided.,4,3
729,SSC CHSL,2023,English,Sentence Improvement,Hard,Improve the underlined part of the given sentence.,3,3
730,IBPS PO,2022,Quantitative Aptitude,Simple Interest,Medium,Find the principal amount given simple interest of 100 at 5% rate.,4,2
731,RRB NTPC,2024,General Awareness,History,Medium,Identify the event associated with the given year.,2,2
732,SSC CHSL,2024,Reasoning,Coding Decoding,Medium,"If CAT is coded as DBU, how is DOG coded?",2,2
733,SSC CGL,2022,Quantitative Aptitude,Data Interpretation,Easy,Find the average from the given data table.,4,1
734,SSC CHSL,2021,Quantitative Aptitude,Data Interpretation,Hard,Find the ratio of values shown in the given pie chart.,5,3
735,RRB NTPC,2025,Reasoning,Puzzle,Medium,Solve the seating arrangement puzzle based on given conditions.,1,2
736,SSC CHSL,2025,English,Vocabulary,Hard,Choose the antonym of the given word.,1,3
737,SSC CHSL,2022,Reasoning,Series,Medium,Find the missing number in the series.,4,2
738,IBPS PO,2022,General Awareness,History,Medium,Identify the event associated with the given year.,4,2
739,SSC CGL,2022,Reasoning,Blood Relation,Hard,Find the relationship between two persons based on the given statements.,4,3
740,RRB NTPC,2025,Quantitative Aptitude,Geometry,Medium,Find the perimeter of a rectangle with length 100 cm and breadth 10 cm.,1,2
741,RRB NTPC,2024,General Awareness,Science,Hard,Which gas is essential for respiration?,2,3
742,SSC CGL,2022,Reasoning,Puzzle,Easy,Solve the seating arrangement puzzle based on given conditions.,4,1
743,SSC CHSL,2022,Quantitative Aptitude,Time and Work,Hard,A pipe fills a tank in 250 hours. Find the time to fill 10% of the tank.,4,3
744,RRB NTPC,2024,Quantitative Aptitude,Simple Interest,Easy,Find the principal amount given simple interest of 500 at 10% rate.,2,1
745,RRB NTPC,2023,Quantitative Aptitude,Percentage,Medium,A number is increased by 5%. Find the new value.,3,2
746,RRB NTPC,2024,General Awareness,Current Affairs,Hard,Who was recently appointed to the given post?,2,3
747,SSC CGL,2025,English,Vocabulary,Hard,Choose the antonym of the given word.,1,3
748,RRB NTPC,2023,English,Sentence Improvement,Hard,Improve the underlined part of the given sentence.,3,3
749,SSC CGL,2023,General Awareness,Current Affairs,Medium,Which event is currently in the news?,3,2
750,RRB NTPC,2021,Reasoning,Series,Medium,Find the missing number in the series.,5,2
751,IBPS PO,2023,Reasoning,Analogy,Medium,Book is related to Reading. Pen is related to?,3,2
752,IBPS PO,2021,English,Reading Comprehension,Medium,Read the passage and answer the question.,5,2
753,SSC CHSL,2022,General Awareness,Science,Easy,Identify the SI unit of the given physical quantity.,4,1
754,IBPS PO,2022,Quantitative Aptitude,Data Interpretation,Medium,Find the ratio of values shown in the given pie chart.,4,2
755,SSC CHSL,2022,Quantitative Aptitude,Algebra,Easy,Find the roots of the equation x^2 - 150x + 36 = 0.,4,1
756,IBPS PO,2023,English,Sentence Improvement,Medium,Improve the underlined part of the given sentence.,3,2
757,RRB NTPC,2025,General Awareness,Static GK,Easy,Identify the national symbol described in the question.,1,1
758,SSC CHSL,2023,Reasoning,Blood Relation,Medium,Find the relationship between two persons based on the given statements.,3,2
759,RRB NTPC,2021,English,Cloze Test,Hard,Fill in the blanks to complete the passage meaningfully.,5,3
760,SSC CHSL,2022,Reasoning,Syllogism,Hard,"Based on the two statements, find the valid conclusion.",4,3
761,SSC CGL,2023,Quantitative Aptitude,Time and Work,Medium,A pipe fills a tank in 750 hours. Find the time to fill 15% of the tank.,3,2
762,IBPS PO,2023,Quantitative Aptitude,Profit and Loss,Medium,Find the selling price if cost price is 400 and profit is 12%.,3,2
763,SSC CHSL,2025,Quantitative Aptitude,Geometry,Medium,Find the perimeter of a rectangle with length 200 cm and breadth 36 cm.,1,2
764,SSC CHSL,2025,English,Grammar,Medium,Identify the error in the sentence.,1,2
765,SSC CHSL,2024,English,Cloze Test,Easy,Fill in the blanks to complete the passage meaningfully.,2,1
766,SSC CHSL,2022,English,Grammar,Medium,Fill in the blank with the correct form of the verb.,4,2
767,RRB NTPC,2023,English,Grammar,Hard,Choose the grammatically correct sentence.,3,3
768,SSC CHSL,2023,English,Vocabulary,Easy,Choose the synonym of the given word.,3,1
769,RRB NTPC,2024,Quantitative Aptitude,Geometry,Hard,Find the type of triangle having all angles equal.,2,3
770,IBPS PO,2021,General Awareness,Indian Polity,Medium,Who is known as the chief architect of the Indian Constitution?,5,2
771,SSC CHSL,2024,English,Sentence Improvement,Easy,Improve the underlined part of the given sentence.,2,1
772,IBPS PO,2022,General Awareness,Science,Easy,Which gas is essential for respiration?,4,1
773,IBPS PO,2022,General Awareness,Science,Easy,Which gas is essential for respiration?,4,1
774,SSC CGL,2022,English,Sentence Improvement,Hard,Improve the underlined part of the given sentence.,4,3
775,RRB NTPC,2021,Quantitative Aptitude,Time and Work,Hard,A pipe fills a tank in 200 hours. Find the time to fill 20% of the tank.,5,3
776,IBPS PO,2022,English,Grammar,Easy,Identify the error in the sentence.,4,1
777,SSC CHSL,2023,Reasoning,Analogy,Easy,Choose the word that best completes the analogy.,3,1
778,RRB NTPC,2025,English,Reading Comprehension,Easy,Identify the main idea of the given passage.,1,1
779,IBPS PO,2024,General Awareness,Science,Medium,Which gas is essential for respiration?,2,2
780,SSC CHSL,2023,English,Reading Comprehension,Easy,Identify the main idea of the given passage.,3,1
781,SSC CHSL,2023,English,Cloze Test,Hard,Fill in the blanks to complete the passage meaningfully.,3,3
782,SSC CGL,2023,Reasoning,Puzzle,Hard,Arrange the given items based on the clues provided.,3,3
783,SSC CHSL,2023,English,Reading Comprehension,Hard,Identify the main idea of the given passage.,3,3
784,SSC CGL,2025,General Awareness,Indian Polity,Hard,Which article of the Constitution deals with the given provision?,1,3
785,SSC CGL,2023,English,Cloze Test,Hard,Fill in the blanks to complete the passage meaningfully.,3,3
786,SSC CHSL,2025,Quantitative Aptitude,Algebra,Medium,Solve the given algebraic equation for x.,1,2
787,RRB NTPC,2023,General Awareness,History,Medium,Who founded the Maurya Empire?,3,2
788,SSC CHSL,2023,Reasoning,Syllogism,Medium,Determine whether the given statements follow logically.,3,2
789,SSC CGL,2025,English,Cloze Test,Hard,Fill in the blanks to complete the passage meaningfully.,1,3
790,SSC CGL,2022,English,Cloze Test,Medium,Fill in the blanks to complete the passage meaningfully.,4,2
791,SSC CGL,2021,English,Cloze Test,Hard,Fill in the blanks to complete the passage meaningfully.,5,3
792,RRB NTPC,2022,Quantitative Aptitude,Data Interpretation,Easy,Analyse the bar graph and find the percentage change.,4,1
793,RRB NTPC,2025,English,Reading Comprehension,Easy,Read the passage and answer the question.,1,1
794,IBPS PO,2025,Reasoning,Series,Medium,Find the odd one out from the given series.,1,2
795,RRB NTPC,2024,Reasoning,Direction Sense,Easy,A person walks 750 km north and then 20 km east. Find the shortest distance to start.,2,1
796,SSC CGL,2022,Quantitative Aptitude,Geometry,Hard,Find the circumference of a circle with radius 250 cm.,4,3
797,RRB NTPC,2023,Quantitative Aptitude,Percentage,Medium,A number is increased by 30%. Find the new value.,3,2
798,SSC CGL,2024,English,Reading Comprehension,Easy,Identify the main idea of the given passage.,2,1
799,RRB NTPC,2024,General Awareness,Static GK,Easy,Identify the national symbol described in the question.,2,1
800,IBPS PO,2022,Reasoning,Puzzle,Easy,Arrange the given items based on the clues provided.,4,1
801,SSC CHSL,2024,General Awareness,Static GK,Easy,Identify the national symbol described in the question.,2,1
802,SSC CHSL,2021,English,Reading Comprehension,Medium,Read the passage and answer the question.,5,2
803,RRB NTPC,2023,Quantitative Aptitude,Data Interpretation,Medium,Analyse the bar graph and find the percentage change.,3,2
804,RRB NTPC,2023,Quantitative Aptitude,Profit and Loss,Medium,An article bought for 200 is sold for 8. Find the profit or loss percentage.,3,2
805,RRB NTPC,2023,English,Cloze Test,Easy,Fill in the blanks to complete the passage meaningfully.,3,1
806,RRB NTPC,2021,English,Reading Comprehension,Easy,Identify the main idea of the given passage.,5,1
807,SSC CGL,2022,English,Vocabulary,Medium,Choose the correct meaning of the word.,4,2
808,SSC CGL,2025,Reasoning,Series,Easy,Find the next term in the given number series.,1,1
809,RRB NTPC,2025,General Awareness,Indian Polity,Easy,Which article of the Constitution deals with the given provision?,1,1
810,IBPS PO,2024,Quantitative Aptitude,Data Interpretation,Hard,Analyse the bar graph and find the percentage change.,2,3
811,RRB NTPC,2022,English,Vocabulary,Easy,Choose the correct meaning of the word.,4,1
812,SSC CGL,2025,Reasoning,Syllogism,Hard,Determine whether the given statements follow logically.,1,3
813,SSC CGL,2021,Reasoning,Analogy,Easy,Choose the word that best completes the analogy.,5,1
814,IBPS PO,2022,Quantitative Aptitude,Simple Interest,Medium,Find the simple interest on 500 at 5% per annum for 24 years.,4,2
815,SSC CGL,2023,Quantitative Aptitude,Algebra,Medium,Simplify the given quadratic expression.,3,2
816,SSC CGL,2024,Quantitative Aptitude,Simple Interest,Medium,Find the principal amount given simple interest of 150 at 10% rate.,2,2
817,SSC CHSL,2025,English,Cloze Test,Easy,Fill in the blanks to complete the passage meaningfully.,1,1
818,SSC CHSL,2023,General Awareness,Indian Polity,Easy,Which article of the Constitution deals with the given provision?,3,1
819,SSC CHSL,2025,Reasoning,Syllogism,Medium,Determine whether the given statements follow logically.,1,2
820,RRB NTPC,2023,Reasoning,Coding Decoding,Easy,Decode the given word using the same logic as the example.,3,1
821,IBPS PO,2022,General Awareness,History,Hard,Identify the event associated with the given year.,4,3
822,IBPS PO,2022,English,Grammar,Medium,Identify the error in the sentence.,4,2
823,RRB NTPC,2021,Quantitative Aptitude,Profit and Loss,Medium,An article bought for 100 is sold for 24. Find the profit or loss percentage.,5,2
824,SSC CHSL,2025,English,Grammar,Easy,Choose the grammatically correct sentence.,1,1
825,SSC CGL,2022,General Awareness,History,Easy,Identify the event associated with the given year.,4,1
826,IBPS PO,2023,English,Grammar,Easy,Fill in the blank with the correct form of the verb.,3,1
827,SSC CHSL,2024,English,Grammar,Medium,Identify the error in the sentence.,2,2
828,IBPS PO,2023,Quantitative Aptitude,Time and Work,Easy,Find the efficiency ratio of two workers given their individual work rates.,3,1
829,IBPS PO,2021,Reasoning,Direction Sense,Easy,A person walks 100 km north and then 20 km east. Find the shortest distance to start.,5,1
830,IBPS PO,2025,English,Cloze Test,Hard,Fill in the blanks to complete the passage meaningfully.,1,3
831,RRB NTPC,2024,Quantitative Aptitude,Profit and Loss,Easy,An article bought for 600 is sold for 15. Find the profit or loss percentage.,2,1
832,SSC CGL,2025,General Awareness,History,Hard,Identify the event associated with the given year.,1,3
833,SSC CHSL,2022,Quantitative Aptitude,Simple Interest,Easy,Find the principal amount given simple interest of 100 at 15% rate.,4,1
834,SSC CGL,2024,Reasoning,Blood Relation,Easy,Find the relationship between two persons based on the given statements.,2,1
835,RRB NTPC,2022,English,Reading Comprehension,Hard,Identify the main idea of the given passage.,4,3
836,RRB NTPC,2021,General Awareness,Indian Polity,Easy,Who is known as the chief architect of the Indian Constitution?,5,1
837,SSC CHSL,2024,English,Vocabulary,Medium,Choose the correct meaning of the word.,2,2
838,SSC CHSL,2022,Quantitative Aptitude,Profit and Loss,Easy,A trader allows a discount of 5%. Find the new selling price.,4,1
839,SSC CGL,2024,Reasoning,Analogy,Hard,Book is related to Reading. Pen is related to?,2,3
840,SSC CHSL,2022,Quantitative Aptitude,Algebra,Medium,Solve the given algebraic equation for x.,4,2
841,SSC CHSL,2024,Reasoning,Analogy,Medium,Choose the word that best completes the analogy.,2,2
842,SSC CHSL,2025,General Awareness,Current Affairs,Easy,Who was recently appointed to the given post?,1,1
843,SSC CHSL,2024,General Awareness,Science,Easy,Identify the SI unit of the given physical quantity.,2,1
844,SSC CHSL,2021,English,Vocabulary,Easy,Choose the correct meaning of the word.,5,1
845,RRB NTPC,2023,Quantitative Aptitude,Time and Work,Medium,Find the efficiency ratio of two workers given their individual work rates.,3,2
846,IBPS PO,2025,General Awareness,Current Affairs,Easy,Which event is currently in the news?,1,1
847,SSC CGL,2023,English,Reading Comprehension,Medium,Read the passage and answer the question.,3,2
848,RRB NTPC,2025,English,Cloze Test,Hard,Fill in the blanks to complete the passage meaningfully.,1,3
849,SSC CGL,2024,English,Vocabulary,Medium,Choose the antonym of the given word.,2,2
850,RRB NTPC,2023,Reasoning,Blood Relation,Medium,A is the son of B. B is the daughter of C. How is A related to C?,3,2
851,SSC CHSL,2021,Reasoning,Analogy,Medium,Choose the word that best completes the analogy.,5,2
852,SSC CHSL,2025,Quantitative Aptitude,Time and Work,Medium,Find the efficiency ratio of two workers given their individual work rates.,1,2
853,SSC CGL,2024,Quantitative Aptitude,Geometry,Medium,Find the type of triangle having all angles equal.,2,2
854,IBPS PO,2025,Quantitative Aptitude,Geometry,Hard,Find the area of a triangle with base 100 cm and height 10 cm.,1,3
855,IBPS PO,2021,Quantitative Aptitude,Simple Interest,Easy,Find the principal amount given simple interest of 250 at 30% rate.,5,1
856,SSC CHSL,2022,Quantitative Aptitude,Time and Work,Easy,A can complete a work in 200 days and B in 30 days. Find the time taken together.,4,1
857,RRB NTPC,2025,Quantitative Aptitude,Profit and Loss,Medium,A shopkeeper marks an item 50% above cost price. Find the marked price.,1,2
858,IBPS PO,2025,General Awareness,Indian Polity,Easy,Which article of the Constitution deals with the given provision?,1,1
859,RRB NTPC,2022,Reasoning,Blood Relation,Easy,Find the relationship between two persons based on the given statements.,4,1
860,RRB NTPC,2022,Quantitative Aptitude,Geometry,Easy,Find the perimeter of a rectangle with length 600 cm and breadth 36 cm.,4,1
861,SSC CHSL,2025,English,Grammar,Medium,Fill in the blank with the correct form of the verb.,1,2
862,SSC CGL,2024,Quantitative Aptitude,Data Interpretation,Medium,Analyse the bar graph and find the percentage change.,2,2
863,SSC CGL,2021,Reasoning,Analogy,Medium,Choose the word that best completes the analogy.,5,2
864,RRB NTPC,2022,Quantitative Aptitude,Simple Interest,Easy,Find the simple interest on 250 at 12% per annum for 10 years.,4,1
865,SSC CGL,2023,English,Grammar,Easy,Identify the error in the sentence.,3,1
866,RRB NTPC,2022,English,Cloze Test,Easy,Fill in the blanks to complete the passage meaningfully.,4,1
867,RRB NTPC,2022,General Awareness,Science,Easy,Identify the SI unit of the given physical quantity.,4,1
868,RRB NTPC,2021,Reasoning,Blood Relation,Hard,Find the relationship between two persons based on the given statements.,5,3
869,SSC CHSL,2025,Reasoning,Coding Decoding,Easy,Find the next term using a coding pattern.,1,1
870,RRB NTPC,2021,Reasoning,Syllogism,Medium,"Based on the two statements, find the valid conclusion.",5,2
871,SSC CHSL,2023,Quantitative Aptitude,Time and Work,Medium,A can complete a work in 750 days and B in 20 days. Find the time taken together.,3,2
872,IBPS PO,2022,General Awareness,History,Medium,Identify the event associated with the given year.,4,2
873,RRB NTPC,2022,General Awareness,Current Affairs,Medium,Who was recently appointed to the given post?,4,2
874,IBPS PO,2023,Quantitative Aptitude,Profit and Loss,Easy,An article bought for 300 is sold for 36. Find the profit or loss percentage.,3,1
875,IBPS PO,2024,Quantitative Aptitude,Geometry,Medium,Find the circumference of a circle with radius 100 cm.,2,2
876,IBPS PO,2024,General Awareness,Static GK,Easy,Identify the national symbol described in the question.,2,1
877,RRB NTPC,2025,General Awareness,Current Affairs,Medium,Which event is currently in the news?,1,2
878,IBPS PO,2023,General Awareness,History,Hard,Identify the event associated with the given year.,3,3
879,SSC CHSL,2024,General Awareness,History,Medium,Identify the event associated with the given year.,2,2
880,IBPS PO,2024,Quantitative Aptitude,Simple Interest,Easy,Find the simple interest on 300 at 20% per annum for 20 years.,2,1
881,SSC CHSL,2023,English,Vocabulary,Medium,Choose the correct meaning of the word.,3,2
882,RRB NTPC,2022,English,Cloze Test,Easy,Fill in the blanks to complete the passage meaningfully.,4,1
883,IBPS PO,2024,Reasoning,Analogy,Easy,Choose the word that best completes the analogy.,2,1
884,RRB NTPC,2025,English,Sentence Improvement,Medium,Improve the underlined part of the given sentence.,1,2
885,SSC CGL,2021,Quantitative Aptitude,Profit and Loss,Easy,A shopkeeper marks an item 25% above cost price. Find the marked price.,5,1
886,SSC CHSL,2025,Quantitative Aptitude,Data Interpretation,Medium,Find the ratio of values shown in the given pie chart.,1,2
887,RRB NTPC,2022,Reasoning,Coding Decoding,Medium,Find the next term using a coding pattern.,4,2
888,IBPS PO,2021,Reasoning,Series,Easy,Find the next term in the given number series.,5,1
889,RRB NTPC,2025,English,Reading Comprehension,Hard,Read the passage and answer the question.,1,3
890,RRB NTPC,2022,English,Reading Comprehension,Hard,Identify the main idea of the given passage.,4,3
891,RRB NTPC,2022,Quantitative Aptitude,Data Interpretation,Medium,Find the ratio of values shown in the given pie chart.,4,2
892,SSC CGL,2023,Reasoning,Series,Easy,Find the missing number in the series.,3,1
893,RRB NTPC,2024,Reasoning,Syllogism,Easy,"Based on the two statements, find the valid conclusion.",2,1
894,SSC CGL,2021,Reasoning,Direction Sense,Easy,A person walks 750 km north and then 18 km east. Find the shortest distance to start.,5,1
895,RRB NTPC,2021,General Awareness,Current Affairs,Easy,Who was recently appointed to the given post?,5,1
896,IBPS PO,2025,Reasoning,Blood Relation,Hard,Find the relationship between two persons based on the given statements.,1,3
897,RRB NTPC,2021,General Awareness,History,Medium,Identify the event associated with the given year.,5,2
898,SSC CGL,2024,English,Grammar,Easy,Fill in the blank with the correct form of the verb.,2,1
899,IBPS PO,2025,Quantitative Aptitude,Data Interpretation,Medium,Analyse the bar graph and find the percentage change.,1,2
900,IBPS PO,2023,English,Cloze Test,Easy,Fill in the blanks to complete the passage meaningfully.,3,1
901,RRB NTPC,2023,Reasoning,Syllogism,Easy,Determine whether the given statements follow logically.,3,1
902,IBPS PO,2025,Quantitative Aptitude,Algebra,Medium,Find the roots of the equation x^2 - 750x + 12 = 0.,1,2
903,RRB NTPC,2025,English,Sentence Improvement,Medium,Improve the underlined part of the given sentence.,1,2
904,SSC CGL,2023,Reasoning,Direction Sense,Easy,A person walks 300 km north and then 24 km east. Find the shortest distance to start.,3,1
905,SSC CHSL,2023,Quantitative Aptitude,Geometry,Medium,Find the type of triangle having all angles equal.,3,2
906,SSC CHSL,2021,Quantitative Aptitude,Time and Work,Medium,A pipe fills a tank in 100 hours. Find the time to fill 40% of the tank.,5,2
907,IBPS PO,2023,General Awareness,Current Affairs,Easy,Which event is currently in the news?,3,1
908,RRB NTPC,2023,English,Reading Comprehension,Medium,Read the passage and answer the question.,3,2
909,SSC CGL,2021,English,Reading Comprehension,Hard,Identify the main idea of the given passage.,5,3
910,RRB NTPC,2024,English,Reading Comprehension,Medium,Read the passage and answer the question.,2,2
911,IBPS PO,2025,General Awareness,History,Hard,Who founded the Maurya Empire?,1,3
912,IBPS PO,2023,Reasoning,Blood Relation,Easy,Find the relationship between two persons based on the given statements.,3,1
913,SSC CHSL,2025,General Awareness,Science,Medium,Which gas is essential for respiration?,1,2
914,IBPS PO,2022,General Awareness,Science,Medium,Which gas is essential for respiration?,4,2
915,SSC CGL,2023,Quantitative Aptitude,Geometry,Medium,Find the perimeter of a rectangle with length 150 cm and breadth 30 cm.,3,2
916,IBPS PO,2025,Reasoning,Analogy,Easy,Choose the word that best completes the analogy.,1,1
917,RRB NTPC,2022,General Awareness,Science,Medium,Which gas is essential for respiration?,4,2
918,SSC CHSL,2021,Reasoning,Puzzle,Easy,Solve the seating arrangement puzzle based on given conditions.,5,1
919,RRB NTPC,2021,Quantitative Aptitude,Data Interpretation,Medium,Find the average from the given data table.,5,2
920,SSC CHSL,2023,English,Vocabulary,Easy,Choose the synonym of the given word.,3,1
921,SSC CHSL,2024,General Awareness,Current Affairs,Medium,Who was recently appointed to the given post?,2,2
922,SSC CHSL,2025,General Awareness,Geography,Hard,Which state has the highest geographical area?,1,3
923,IBPS PO,2022,English,Cloze Test,Medium,Fill in the blanks to complete the passage meaningfully.,4,2
924,IBPS PO,2024,General Awareness,History,Easy,Identify the event associated with the given year.,2,1
925,IBPS PO,2021,Quantitative Aptitude,Data Interpretation,Medium,Find the average from the given data table.,5,2
926,RRB NTPC,2024,Reasoning,Series,Easy,Find the missing number in the series.,2,1
927,SSC CHSL,2025,English,Grammar,Easy,Fill in the blank with the correct form of the verb.,1,1
928,RRB NTPC,2023,English,Sentence Improvement,Medium,Improve the underlined part of the given sentence.,3,2
929,IBPS PO,2024,Reasoning,Series,Easy,Find the next term in the given number series.,2,1
930,SSC CGL,2023,Quantitative Aptitude,Data Interpretation,Medium,Find the average from the given data table.,3,2
931,IBPS PO,2021,English,Cloze Test,Easy,Fill in the blanks to complete the passage meaningfully.,5,1
932,SSC CHSL,2023,General Awareness,Geography,Medium,Which river is the longest in India?,3,2
933,RRB NTPC,2025,Quantitative Aptitude,Simple Interest,Medium,Find the principal amount given simple interest of 150 at 20% rate.,1,2
934,SSC CGL,2021,General Awareness,History,Medium,Identify the event associated with the given year.,5,2
935,RRB NTPC,2022,Quantitative Aptitude,Simple Interest,Medium,Find the principal amount given simple interest of 100 at 15% rate.,4,2
936,RRB NTPC,2021,General Awareness,Indian Polity,Medium,Which article of the Constitution deals with the given provision?,5,2
937,SSC CGL,2024,Reasoning,Series,Medium,Find the next term in the given number series.,2,2
938,SSC CGL,2023,Reasoning,Blood Relation,Easy,A is the son of B. B is the daughter of C. How is A related to C?,3,1
939,SSC CGL,2021,Reasoning,Analogy,Easy,Book is related to Reading. Pen is related to?,5,1
940,RRB NTPC,2021,General Awareness,Current Affairs,Easy,Which event is currently in the news?,5,1
941,SSC CGL,2025,Reasoning,Coding Decoding,Medium,"If CAT is coded as DBU, how is DOG coded?",1,2
942,RRB NTPC,2025,Quantitative Aptitude,Data Interpretation,Hard,Find the ratio of values shown in the given pie chart.,1,3
943,SSC CGL,2025,English,Vocabulary,Hard,Choose the antonym of the given word.,1,3
944,RRB NTPC,2025,Reasoning,Puzzle,Medium,Solve the seating arrangement puzzle based on given conditions.,1,2
945,IBPS PO,2021,General Awareness,Indian Polity,Medium,Which article of the Constitution deals with the given provision?,5,2
946,RRB NTPC,2022,General Awareness,Science,Easy,Identify the SI unit of the given physical quantity.,4,1
947,SSC CGL,2024,General Awareness,History,Easy,Identify the event associated with the given year.,2,1
948,RRB NTPC,2024,English,Cloze Test,Medium,Fill in the blanks to complete the passage meaningfully.,2,2
949,IBPS PO,2023,Reasoning,Analogy,Medium,Choose the word that best completes the analogy.,3,2
950,RRB NTPC,2023,Quantitative Aptitude,Percentage,Easy,The population of a town grew by 20% in a year. Find the increase.,3,1
951,IBPS PO,2023,Reasoning,Analogy,Hard,Choose the word that best completes the analogy.,3,3
952,RRB NTPC,2025,Reasoning,Blood Relation,Hard,A is the son of B. B is the daughter of C. How is A related to C?,1,3
953,RRB NTPC,2025,Reasoning,Analogy,Medium,Book is related to Reading. Pen is related to?,1,2
954,SSC CGL,2025,Quantitative Aptitude,Geometry,Medium,Find the perimeter of a rectangle with length 750 cm and breadth 15 cm.,1,2
955,SSC CHSL,2025,General Awareness,Static GK,Easy,Identify the national symbol described in the question.,1,1
956,RRB NTPC,2022,General Awareness,Science,Medium,Identify the SI unit of the given physical quantity.,4,2
957,IBPS PO,2022,Quantitative Aptitude,Simple Interest,Easy,Find the simple interest on 750 at 20% per annum for 24 years.,4,1
958,SSC CGL,2025,Reasoning,Puzzle,Medium,Arrange the given items based on the clues provided.,1,2
959,SSC CGL,2023,English,Vocabulary,Medium,Choose the antonym of the given word.,3,2
960,SSC CHSL,2021,Quantitative Aptitude,Time and Work,Easy,A pipe fills a tank in 300 hours. Find the time to fill 12% of the tank.,5,1
961,SSC CGL,2021,Quantitative Aptitude,Time and Work,Hard,A pipe fills a tank in 200 hours. Find the time to fill 30% of the tank.,5,3
962,RRB NTPC,2023,English,Grammar,Hard,Identify the error in the sentence.,3,3
963,SSC CHSL,2022,General Awareness,Static GK,Hard,Identify the national symbol described in the question.,4,3
964,SSC CHSL,2024,Quantitative Aptitude,Profit and Loss,Hard,A trader allows a discount of 40%. Find the new selling price.,2,3
965,SSC CGL,2022,Reasoning,Analogy,Hard,Book is related to Reading. Pen is related to?,4,3
966,SSC CGL,2025,Quantitative Aptitude,Data Interpretation,Hard,Find the ratio of values shown in the given pie chart.,1,3
967,RRB NTPC,2024,Quantitative Aptitude,Algebra,Medium,Simplify the given quadratic expression.,2,2
968,RRB NTPC,2025,General Awareness,Science,Easy,Identify the SI unit of the given physical quantity.,1,1
969,SSC CHSL,2022,Quantitative Aptitude,Time and Work,Medium,A pipe fills a tank in 300 hours. Find the time to fill 20% of the tank.,4,2
970,IBPS PO,2024,Quantitative Aptitude,Profit and Loss,Medium,Find the selling price if cost price is 500 and profit is 10%.,2,2
971,RRB NTPC,2025,Reasoning,Syllogism,Medium,Determine whether the given statements follow logically.,1,2
972,SSC CGL,2023,Quantitative Aptitude,Geometry,Easy,Find the circumference of a circle with radius 100 cm.,3,1
973,SSC CGL,2022,Quantitative Aptitude,Profit and Loss,Hard,A trader allows a discount of 25%. Find the new selling price.,4,3
974,IBPS PO,2024,Quantitative Aptitude,Profit and Loss,Hard,A shopkeeper marks an item 12% above cost price. Find the marked price.,2,3
975,IBPS PO,2022,Quantitative Aptitude,Data Interpretation,Easy,Find the average from the given data table.,4,1
976,RRB NTPC,2023,Quantitative Aptitude,Time and Work,Medium,A pipe fills a tank in 200 hours. Find the time to fill 50% of the tank.,3,2
977,SSC CHSL,2025,General Awareness,History,Easy,Identify the event associated with the given year.,1,1
978,SSC CHSL,2021,General Awareness,Geography,Medium,Which river is the longest in India?,5,2
979,SSC CHSL,2021,English,Sentence Improvement,Medium,Improve the underlined part of the given sentence.,5,2
980,RRB NTPC,2024,General Awareness,History,Easy,Identify the event associated with the given year.,2,1
981,SSC CHSL,2021,General Awareness,Science,Hard,Which gas is essential for respiration?,5,3
982,IBPS PO,2021,Reasoning,Series,Easy,Find the next term in the given number series.,5,1
983,IBPS PO,2024,English,Vocabulary,Hard,Choose the synonym of the given word.,2,3
984,SSC CGL,2023,General Awareness,History,Medium,Who founded the Maurya Empire?,3,2
985,SSC CHSL,2023,General Awareness,Science,Medium,Identify the SI unit of the given physical quantity.,3,2
986,SSC CHSL,2021,Quantitative Aptitude,Profit and Loss,Medium,Find the selling price if cost price is 300 and profit is 5%.,5,2
987,SSC CGL,2025,General Awareness,Geography,Hard,Which river is the longest in India?,1,3
988,IBPS PO,2022,English,Grammar,Hard,Choose the grammatically correct sentence.,4,3
989,RRB NTPC,2023,Quantitative Aptitude,Time and Work,Hard,A can complete a work in 250 days and B in 20 days. Find the time taken together.,3,3
990,IBPS PO,2021,General Awareness,Geography,Medium,Which river is the longest in India?,5,2
991,SSC CHSL,2025,Reasoning,Analogy,Easy,Book is related to Reading. Pen is related to?,1,1
992,IBPS PO,2025,Reasoning,Analogy,Medium,Book is related to Reading. Pen is related to?,1,2
993,RRB NTPC,2023,English,Vocabulary,Hard,Choose the synonym of the given word.,3,3
994,IBPS PO,2022,English,Grammar,Hard,Choose the grammatically correct sentence.,4,3
995,SSC CGL,2023,General Awareness,Static GK,Hard,Identify the national symbol described in the question.,3,3
996,SSC CGL,2021,Reasoning,Syllogism,Medium,Determine whether the given statements follow logically.,5,2
997,RRB NTPC,2021,General Awareness,Indian Polity,Hard,Who is known as the chief architect of the Indian Constitution?,5,3
998,RRB NTPC,2024,Quantitative Aptitude,Percentage,Easy,"If a value decreases by 12%, find the resulting percentage change.",2,1
999,SSC CGL,2022,Quantitative Aptitude,Profit and Loss,Easy,An article bought for 750 is sold for 18. Find the profit or loss percentage.,4,1
1000,IBPS PO,2023,English,Cloze Test,Medium,Fill in the blanks to complete the passage meaningfully.,3,2
1001,SSC CHSL,2022,Quantitative Aptitude,Profit and Loss,Hard,A trader allows a discount of 25%. Find the new selling price.,4,3
1002,RRB NTPC,2021,Quantitative Aptitude,Algebra,Hard,"If x + y = 400 and x - y = 15, find the value of x.",5,3
1003,RRB NTPC,2024,English,Reading Comprehension,Medium,Identify the main idea of the given passage.,2,2
1004,IBPS PO,2022,General Awareness,Indian Polity,Medium,Who is known as the chief architect of the Indian Constitution?,4,2
1005,SSC CHSL,2025,English,Vocabulary,Medium,Choose the synonym of the given word.,1,2
1006,RRB NTPC,2023,English,Sentence Improvement,Easy,Improve the underlined part of the given sentence.,3,1
1007,SSC CGL,2023,English,Grammar,Hard,Choose the grammatically correct sentence.,3,3
1008,RRB NTPC,2025,General Awareness,Geography,Hard,Which river is the longest in India?,1,3
1009,IBPS PO,2022,General Awareness,Static GK,Easy,Identify the national symbol described in the question.,4,1
1010,IBPS PO,2023,English,Sentence Improvement,Easy,Improve the underlined part of the given sentence.,3,1
1011,IBPS PO,2022,Reasoning,Syllogism,Easy,Determine whether the given statements follow logically.,4,1
1012,SSC CHSL,2025,General Awareness,Static GK,Hard,Identify the national symbol described in the question.,1,3
1013,RRB NTPC,2023,Reasoning,Series,Medium,Find the odd one out from the given series.,3,2
1014,SSC CGL,2022,Quantitative Aptitude,Percentage,Medium,The population of a town grew by 50% in a year. Find the increase.,4,2
1015,IBPS PO,2022,Quantitative Aptitude,Profit and Loss,Easy,A trader allows a discount of 12%. Find the new selling price.,4,1
1016,RRB NTPC,2025,Quantitative Aptitude,Time and Work,Hard,A pipe fills a tank in 200 hours. Find the time to fill 15% of the tank.,1,3
1017,SSC CGL,2023,General Awareness,Indian Polity,Easy,Which article of the Constitution deals with the given provision?,3,1
1018,IBPS PO,2022,English,Cloze Test,Easy,Fill in the blanks to complete the passage meaningfully.,4,1
1019,SSC CGL,2022,General Awareness,Current Affairs,Easy,Which event is currently in the news?,4,1
1020,RRB NTPC,2023,English,Reading Comprehension,Easy,Identify the main idea of the given passage.,3,1
1021,SSC CHSL,2022,General Awareness,Geography,Medium,Which state has the highest geographical area?,4,2
1022,RRB NTPC,2021,English,Reading Comprehension,Medium,Identify the main idea of the given passage.,5,2
1023,IBPS PO,2023,Quantitative Aptitude,Profit and Loss,Hard,A shopkeeper marks an item 10% above cost price. Find the marked price.,3,3
1024,SSC CHSL,2021,Reasoning,Analogy,Hard,Choose the word that best completes the analogy.,5,3
1025,RRB NTPC,2022,Quantitative Aptitude,Geometry,Hard,Find the circumference of a circle with radius 400 cm.,4,3
1026,SSC CGL,2025,Reasoning,Syllogism,Easy,"Based on the two statements, find the valid conclusion.",1,1
1027,RRB NTPC,2021,English,Vocabulary,Easy,Choose the antonym of the given word.,5,1
1028,IBPS PO,2021,General Awareness,Current Affairs,Medium,Which event is currently in the news?,5,2
1029,SSC CGL,2025,Quantitative Aptitude,Percentage,Easy,"If a value decreases by 40%, find the resulting percentage change.",1,1
1030,SSC CGL,2023,General Awareness,Current Affairs,Medium,Who was recently appointed to the given post?,3,2
1031,SSC CHSL,2024,English,Cloze Test,Hard,Fill in the blanks to complete the passage meaningfully.,2,3
1032,RRB NTPC,2023,General Awareness,Static GK,Hard,Identify the national symbol described in the question.,3,3
1033,SSC CHSL,2022,Quantitative Aptitude,Data Interpretation,Easy,Find the average from the given data table.,4,1
1034,SSC CGL,2024,General Awareness,Static GK,Medium,Identify the national symbol described in the question.,2,2
1035,SSC CGL,2023,English,Sentence Improvement,Medium,Improve the underlined part of the given sentence.,3,2
1036,SSC CGL,2025,General Awareness,Static GK,Easy,Identify the national symbol described in the question.,1,1
1037,SSC CHSL,2025,Quantitative Aptitude,Time and Work,Hard,A pipe fills a tank in 750 hours. Find the time to fill 30% of the tank.,1,3
1038,SSC CGL,2022,English,Sentence Improvement,Easy,Improve the underlined part of the given sentence.,4,1
1039,SSC CGL,2023,General Awareness,History,Easy,Who founded the Maurya Empire?,3,1
1040,SSC CHSL,2022,Quantitative Aptitude,Time and Work,Easy,A pipe fills a tank in 600 hours. Find the time to fill 12% of the tank.,4,1
1041,RRB NTPC,2024,Reasoning,Syllogism,Medium,"Based on the two statements, find the valid conclusion.",2,2
1042,SSC CGL,2023,Reasoning,Puzzle,Easy,Arrange the given items based on the clues provided.,3,1
1043,IBPS PO,2022,Reasoning,Analogy,Hard,Book is related to Reading. Pen is related to?,4,3
1044,SSC CGL,2023,Quantitative Aptitude,Geometry,Medium,Find the circumference of a circle with radius 150 cm.,3,2
1045,RRB NTPC,2024,Reasoning,Series,Medium,Find the missing number in the series.,2,2
1046,SSC CHSL,2023,General Awareness,Geography,Easy,Which state has the highest geographical area?,3,1
1047,RRB NTPC,2023,General Awareness,Science,Easy,Which gas is essential for respiration?,3,1
1048,SSC CGL,2022,General Awareness,Geography,Medium,Which river is the longest in India?,4,2
1049,SSC CHSL,2023,General Awareness,History,Medium,Identify the event associated with the given year.,3,2
1050,SSC CHSL,2023,English,Grammar,Hard,Identify the error in the sentence.,3,3
1051,RRB NTPC,2024,Quantitative Aptitude,Profit and Loss,Easy,A trader allows a discount of 50%. Find the new selling price.,2,1
1052,RRB NTPC,2022,Reasoning,Direction Sense,Easy,A person walks 250 km north and then 10 km east. Find the shortest distance to start.,4,1
1053,SSC CHSL,2023,General Awareness,Current Affairs,Easy,Who was recently appointed to the given post?,3,1
1054,SSC CGL,2022,Reasoning,Blood Relation,Medium,Find the relationship between two persons based on the given statements.,4,2
1055,RRB NTPC,2021,General Awareness,Geography,Easy,Which state has the highest geographical area?,5,1
1056,RRB NTPC,2023,Reasoning,Direction Sense,Hard,A person walks 150 km north and then 18 km east. Find the shortest distance to start.,3,3
1057,IBPS PO,2023,English,Cloze Test,Medium,Fill in the blanks to complete the passage meaningfully.,3,2
1058,RRB NTPC,2021,English,Sentence Improvement,Medium,Improve the underlined part of the given sentence.,5,2
1059,SSC CHSL,2021,English,Vocabulary,Easy,Choose the antonym of the given word.,5,1
1060,SSC CHSL,2023,Reasoning,Syllogism,Easy,"Based on the two statements, find the valid conclusion.",3,1
1061,SSC CGL,2025,Reasoning,Blood Relation,Medium,A is the son of B. B is the daughter of C. How is A related to C?,1,2
1062,SSC CHSL,2021,English,Reading Comprehension,Hard,Read the passage and answer the question.,5,3
1063,RRB NTPC,2024,Quantitative Aptitude,Profit and Loss,Medium,An article bought for 500 is sold for 30. Find the profit or loss percentage.,2,2
1064,RRB NTPC,2025,Reasoning,Analogy,Hard,Choose the word that best completes the analogy.,1,3
1065,RRB NTPC,2025,English,Grammar,Easy,Identify the error in the sentence.,1,1
1066,IBPS PO,2025,Reasoning,Syllogism,Medium,Determine whether the given statements follow logically.,1,2
1067,SSC CHSL,2025,English,Grammar,Easy,Fill in the blank with the correct form of the verb.,1,1
1068,RRB NTPC,2025,Quantitative Aptitude,Profit and Loss,Hard,An article bought for 500 is sold for 12. Find the profit or loss percentage.,1,3
1069,SSC CGL,2025,Reasoning,Blood Relation,Hard,Find the relationship between two persons based on the given statements.,1,3
1070,IBPS PO,2024,General Awareness,Indian Polity,Hard,Which article of the Constitution deals with the given provision?,2,3
1071,RRB NTPC,2022,General Awareness,History,Hard,Who founded the Maurya Empire?,4,3
1072,SSC CHSL,2025,Reasoning,Series,Hard,Find the next term in the given number series.,1,3
1073,SSC CGL,2022,English,Grammar,Hard,Choose the grammatically correct sentence.,4,3
1074,SSC CGL,2022,Quantitative Aptitude,Simple Interest,Medium,Find the principal amount given simple interest of 750 at 30% rate.,4,2
1075,SSC CGL,2022,English,Grammar,Easy,Choose the grammatically correct sentence.,4,1
1076,RRB NTPC,2022,Quantitative Aptitude,Profit and Loss,Hard,A shopkeeper marks an item 50% above cost price. Find the marked price.,4,3
1077,RRB NTPC,2022,General Awareness,Geography,Medium,Which state has the highest geographical area?,4,2
1078,IBPS PO,2021,General Awareness,Science,Easy,Which gas is essential for respiration?,5,1
1079,IBPS PO,2025,Quantitative Aptitude,Algebra,Easy,Simplify the given quadratic expression.,1,1
1080,IBPS PO,2023,General Awareness,Science,Easy,Identify the SI unit of the given physical quantity.,3,1
1081,RRB NTPC,2025,Quantitative Aptitude,Algebra,Hard,Simplify the given quadratic expression.,1,3
1082,SSC CGL,2025,English,Vocabulary,Medium,Choose the correct meaning of the word.,1,2
1083,SSC CGL,2025,General Awareness,Static GK,Medium,Identify the national symbol described in the question.,1,2
1084,IBPS PO,2024,Quantitative Aptitude,Profit and Loss,Hard,A trader allows a discount of 25%. Find the new selling price.,2,3
1085,RRB NTPC,2025,English,Grammar,Hard,Choose the grammatically correct sentence.,1,3
1086,IBPS PO,2023,Quantitative Aptitude,Data Interpretation,Easy,Find the ratio of values shown in the given pie chart.,3,1
1087,SSC CHSL,2025,Reasoning,Direction Sense,Easy,A person walks 500 km north and then 24 km east. Find the shortest distance to start.,1,1
1088,SSC CHSL,2024,General Awareness,Indian Polity,Hard,Which article of the Constitution deals with the given provision?,2,3
1089,SSC CHSL,2023,English,Grammar,Easy,Identify the error in the sentence.,3,1
1090,SSC CHSL,2025,Reasoning,Analogy,Medium,Book is related to Reading. Pen is related to?,1,2
1091,SSC CHSL,2022,English,Vocabulary,Easy,Choose the correct meaning of the word.,4,1
1092,SSC CHSL,2021,English,Reading Comprehension,Hard,Read the passage and answer the question.,5,3
1093,IBPS PO,2024,English,Cloze Test,Medium,Fill in the blanks to complete the passage meaningfully.,2,2
1094,RRB NTPC,2025,Reasoning,Coding Decoding,Medium,"If CAT is coded as DBU, how is DOG coded?",1,2
1095,IBPS PO,2025,English,Reading Comprehension,Medium,Read the passage and answer the question.,1,2
1096,SSC CGL,2024,English,Sentence Improvement,Medium,Improve the underlined part of the given sentence.,2,2
1097,IBPS PO,2021,Quantitative Aptitude,Profit and Loss,Easy,A trader allows a discount of 25%. Find the new selling price.,5,1
1098,SSC CHSL,2024,Quantitative Aptitude,Geometry,Medium,Find the circumference of a circle with radius 500 cm.,2,2
1099,RRB NTPC,2021,Quantitative Aptitude,Time and Work,Medium,A can complete a work in 100 days and B in 10 days. Find the time taken together.,5,2
1100,SSC CHSL,2022,General Awareness,History,Easy,Identify the event associated with the given year.,4,1
1101,SSC CHSL,2021,Quantitative Aptitude,Geometry,Medium,Find the type of triangle having all angles equal.,5,2
1102,IBPS PO,2021,Reasoning,Coding Decoding,Medium,Decode the given word using the same logic as the example.,5,2
1103,IBPS PO,2024,Reasoning,Syllogism,Easy,"Based on the two statements, find the valid conclusion.",2,1
1104,RRB NTPC,2021,General Awareness,Science,Easy,Identify the SI unit of the given physical quantity.,5,1
1105,SSC CGL,2021,English,Cloze Test,Medium,Fill in the blanks to complete the passage meaningfully.,5,2
1106,RRB NTPC,2022,Quantitative Aptitude,Percentage,Easy,"If a value decreases by 50%, find the resulting percentage change.",4,1
1107,SSC CGL,2021,General Awareness,Geography,Hard,Which river is the longest in India?,5,3
1108,IBPS PO,2021,Quantitative Aptitude,Profit and Loss,Hard,A shopkeeper marks an item 15% above cost price. Find the marked price.,5,3
1109,SSC CGL,2023,Quantitative Aptitude,Geometry,Hard,Find the area of a triangle with base 150 cm and height 36 cm.,3,3
1110,SSC CHSL,2022,Quantitative Aptitude,Time and Work,Hard,A can complete a work in 750 days and B in 8 days. Find the time taken together.,4,3
1111,SSC CHSL,2022,English,Vocabulary,Medium,Choose the correct meaning of the word.,4,2
1112,SSC CGL,2023,Reasoning,Coding Decoding,Easy,Decode the given word using the same logic as the example.,3,1
1113,SSC CGL,2023,Quantitative Aptitude,Data Interpretation,Medium,Find the average from the given data table.,3,2
1114,SSC CGL,2025,Quantitative Aptitude,Time and Work,Medium,A can complete a work in 300 days and B in 36 days. Find the time taken together.,1,2
1115,SSC CGL,2021,English,Grammar,Hard,Choose the grammatically correct sentence.,5,3
1116,SSC CGL,2021,Reasoning,Puzzle,Hard,Arrange the given items based on the clues provided.,5,3
1117,RRB NTPC,2021,English,Cloze Test,Hard,Fill in the blanks to complete the passage meaningfully.,5,3
1118,SSC CGL,2025,Quantitative Aptitude,Algebra,Easy,Solve the given algebraic equation for x.,1,1
1119,RRB NTPC,2023,Quantitative Aptitude,Geometry,Medium,Find the area of a triangle with base 300 cm and height 20 cm.,3,2
1120,SSC CGL,2023,Reasoning,Analogy,Medium,Book is related to Reading. Pen is related to?,3,2
1121,SSC CHSL,2021,Reasoning,Blood Relation,Hard,Find the relationship between two persons based on the given statements.,5,3
1122,SSC CHSL,2021,General Awareness,Geography,Medium,Which state has the highest geographical area?,5,2
1123,IBPS PO,2025,English,Grammar,Easy,Fill in the blank with the correct form of the verb.,1,1
1124,IBPS PO,2024,English,Vocabulary,Medium,Choose the antonym of the given word.,2,2
1125,IBPS PO,2022,English,Cloze Test,Medium,Fill in the blanks to complete the passage meaningfully.,4,2
1126,SSC CGL,2022,English,Sentence Improvement,Medium,Improve the underlined part of the given sentence.,4,2
1127,SSC CGL,2024,English,Reading Comprehension,Hard,Identify the main idea of the given passage.,2,3
1128,RRB NTPC,2023,Reasoning,Puzzle,Easy,Arrange the given items based on the clues provided.,3,1
1129,IBPS PO,2024,English,Cloze Test,Medium,Fill in the blanks to complete the passage meaningfully.,2,2
1130,IBPS PO,2025,English,Vocabulary,Hard,Choose the antonym of the given word.,1,3
1131,SSC CHSL,2025,English,Grammar,Easy,Fill in the blank with the correct form of the verb.,1,1
1132,RRB NTPC,2024,English,Vocabulary,Medium,Choose the synonym of the given word.,2,2
1133,SSC CHSL,2023,General Awareness,History,Easy,Who founded the Maurya Empire?,3,1
1134,IBPS PO,2022,General Awareness,History,Medium,Identify the event associated with the given year.,4,2
1135,IBPS PO,2024,English,Sentence Improvement,Hard,Improve the underlined part of the given sentence.,2,3
1136,SSC CHSL,2022,English,Cloze Test,Medium,Fill in the blanks to complete the passage meaningfully.,4,2
1137,RRB NTPC,2024,Quantitative Aptitude,Percentage,Easy,A student scored 12% marks in an exam. Find the marks obtained out of 100.,2,1
1138,SSC CGL,2023,General Awareness,Current Affairs,Easy,Who was recently appointed to the given post?,3,1
1139,SSC CHSL,2022,Reasoning,Blood Relation,Easy,Find the relationship between two persons based on the given statements.,4,1
1140,SSC CGL,2024,Quantitative Aptitude,Data Interpretation,Easy,Analyse the bar graph and find the percentage change.,2,1
1141,SSC CHSL,2022,Reasoning,Syllogism,Medium,"Based on the two statements, find the valid conclusion.",4,2
1142,RRB NTPC,2022,English,Reading Comprehension,Hard,Identify the main idea of the given passage.,4,3
1143,SSC CHSL,2024,Quantitative Aptitude,Simple Interest,Hard,Find the principal amount given simple interest of 200 at 12% rate.,2,3
1144,SSC CHSL,2021,General Awareness,Current Affairs,Hard,Who was recently appointed to the given post?,5,3
1145,SSC CHSL,2023,Quantitative Aptitude,Geometry,Medium,Find the type of triangle having all angles equal.,3,2
1146,SSC CHSL,2022,Quantitative Aptitude,Algebra,Hard,Simplify the given quadratic expression.,4,3
1147,SSC CGL,2023,Reasoning,Puzzle,Easy,Solve the seating arrangement puzzle based on given conditions.,3,1
1148,RRB NTPC,2022,Quantitative Aptitude,Time and Work,Medium,A pipe fills a tank in 100 hours. Find the time to fill 50% of the tank.,4,2
1149,SSC CGL,2025,General Awareness,History,Easy,Identify the event associated with the given year.,1,1
1150,RRB NTPC,2023,General Awareness,Static GK,Medium,Identify the national symbol described in the question.,3,2
1151,SSC CGL,2025,Quantitative Aptitude,Algebra,Medium,Find the roots of the equation x^2 - 150x + 30 = 0.,1,2
1152,RRB NTPC,2024,Reasoning,Direction Sense,Hard,A person walks 150 km north and then 36 km east. Find the shortest distance to start.,2,3
1153,RRB NTPC,2021,General Awareness,Science,Hard,Identify the SI unit of the given physical quantity.,5,3
1154,SSC CHSL,2022,Reasoning,Series,Easy,Find the odd one out from the given series.,4,1
1155,IBPS PO,2021,General Awareness,History,Medium,Who founded the Maurya Empire?,5,2
1156,SSC CHSL,2021,English,Vocabulary,Easy,Choose the correct meaning of the word.,5,1
1157,IBPS PO,2021,General Awareness,Indian Polity,Hard,Who is known as the chief architect of the Indian Constitution?,5,3
1158,RRB NTPC,2025,English,Sentence Improvement,Easy,Improve the underlined part of the given sentence.,1,1
1159,SSC CGL,2023,Reasoning,Series,Easy,Find the next term in the given number series.,3,1
1160,SSC CGL,2023,General Awareness,Science,Easy,Which gas is essential for respiration?,3,1
1161,RRB NTPC,2024,Reasoning,Syllogism,Easy,"Based on the two statements, find the valid conclusion.",2,1
1162,SSC CGL,2023,English,Vocabulary,Easy,Choose the antonym of the given word.,3,1
1163,SSC CHSL,2024,Reasoning,Puzzle,Hard,Solve the seating arrangement puzzle based on given conditions.,2,3
1164,SSC CGL,2022,Reasoning,Analogy,Hard,Choose the word that best completes the analogy.,4,3
1165,IBPS PO,2025,General Awareness,Indian Polity,Medium,Who is known as the chief architect of the Indian Constitution?,1,2
1166,RRB NTPC,2025,General Awareness,Science,Easy,Which gas is essential for respiration?,1,1
1167,RRB NTPC,2021,Reasoning,Puzzle,Medium,Solve the seating arrangement puzzle based on given conditions.,5,2
1168,IBPS PO,2021,Quantitative Aptitude,Simple Interest,Medium,Find the principal amount given simple interest of 750 at 40% rate.,5,2
1169,SSC CHSL,2021,Quantitative Aptitude,Profit and Loss,Easy,An article bought for 500 is sold for 36. Find the profit or loss percentage.,5,1
1170,RRB NTPC,2025,Reasoning,Series,Medium,Find the missing number in the series.,1,2
1171,SSC CGL,2021,Quantitative Aptitude,Percentage,Easy,A number is increased by 25%. Find the new value.,5,1
1172,RRB NTPC,2024,Quantitative Aptitude,Data Interpretation,Hard,Find the average from the given data table.,2,3
1173,IBPS PO,2022,Reasoning,Blood Relation,Easy,Find the relationship between two persons based on the given statements.,4,1
1174,SSC CHSL,2021,English,Grammar,Medium,Choose the grammatically correct sentence.,5,2
1175,IBPS PO,2021,Reasoning,Series,Easy,Find the next term in the given number series.,5,1
1176,SSC CHSL,2023,Quantitative Aptitude,Percentage,Medium,The population of a town grew by 10% in a year. Find the increase.,3,2
1177,RRB NTPC,2023,Reasoning,Syllogism,Medium,"Based on the two statements, find the valid conclusion.",3,2
1178,SSC CGL,2023,Quantitative Aptitude,Percentage,Easy,A number is increased by 30%. Find the new value.,3,1
1179,SSC CGL,2023,English,Reading Comprehension,Medium,Read the passage and answer the question.,3,2
1180,RRB NTPC,2023,General Awareness,Static GK,Medium,Identify the national symbol described in the question.,3,2
1181,SSC CGL,2021,General Awareness,Indian Polity,Hard,Which article of the Constitution deals with the given provision?,5,3
1182,SSC CGL,2024,General Awareness,Indian Polity,Easy,Which article of the Constitution deals with the given provision?,2,1
1183,RRB NTPC,2021,Reasoning,Puzzle,Easy,Solve the seating arrangement puzzle based on given conditions.,5,1
1184,IBPS PO,2024,English,Reading Comprehension,Easy,Identify the main idea of the given passage.,2,1
1185,SSC CHSL,2024,General Awareness,Current Affairs,Medium,Who was recently appointed to the given post?,2,2
1186,SSC CHSL,2022,General Awareness,Static GK,Medium,Identify the national symbol described in the question.,4,2
1187,SSC CGL,2022,General Awareness,Science,Hard,Identify the SI unit of the given physical quantity.,4,3
1188,SSC CHSL,2025,General Awareness,Indian Polity,Easy,Which article of the Constitution deals with the given provision?,1,1
1189,IBPS PO,2021,English,Cloze Test,Hard,Fill in the blanks to complete the passage meaningfully.,5,3
1190,RRB NTPC,2021,General Awareness,History,Medium,Who founded the Maurya Empire?,5,2
1191,SSC CGL,2022,Quantitative Aptitude,Time and Work,Hard,A pipe fills a tank in 750 hours. Find the time to fill 20% of the tank.,4,3
1192,SSC CHSL,2022,General Awareness,Static GK,Easy,Identify the national symbol described in the question.,4,1
1193,SSC CHSL,2023,Reasoning,Analogy,Easy,Book is related to Reading. Pen is related to?,3,1
1194,RRB NTPC,2022,General Awareness,History,Easy,Who founded the Maurya Empire?,4,1
1195,SSC CHSL,2022,English,Cloze Test,Medium,Fill in the blanks to complete the passage meaningfully.,4,2
1196,SSC CHSL,2021,Quantitative Aptitude,Simple Interest,Easy,Find the simple interest on 200 at 30% per annum for 30 years.,5,1
1197,RRB NTPC,2025,Reasoning,Puzzle,Hard,Arrange the given items based on the clues provided.,1,3
1198,IBPS PO,2023,Quantitative Aptitude,Data Interpretation,Easy,Find the ratio of values shown in the given pie chart.,3,1
1199,RRB NTPC,2023,Reasoning,Blood Relation,Medium,A is the son of B. B is the daughter of C. How is A related to C?,3,2
1200,SSC CHSL,2022,English,Cloze Test,Easy,Fill in the blanks to complete the passage meaningfully.,4,1
1201,SSC CHSL,2024,Reasoning,Blood Relation,Medium,A is the son of B. B is the daughter of C. How is A related to C?,2,2
1202,SSC CGL,2025,Quantitative Aptitude,Simple Interest,Hard,Find the simple interest on 400 at 40% per annum for 36 years.,1,3
1203,IBPS PO,2022,Quantitative Aptitude,Algebra,Medium,"If x + y = 100 and x - y = 36, find the value of x.",4,2
1204,SSC CHSL,2025,Reasoning,Coding Decoding,Medium,Find the next term using a coding pattern.,1,2
1205,SSC CGL,2022,Quantitative Aptitude,Simple Interest,Medium,Find the simple interest on 300 at 40% per annum for 8 years.,4,2
1206,SSC CGL,2021,Quantitative Aptitude,Geometry,Easy,Find the type of triangle having all angles equal.,5,1
1207,SSC CGL,2025,Reasoning,Coding Decoding,Easy,"If CAT is coded as DBU, how is DOG coded?",1,1
1208,RRB NTPC,2021,English,Vocabulary,Medium,Choose the synonym of the given word.,5,2
1209,IBPS PO,2021,Quantitative Aptitude,Geometry,Medium,Find the perimeter of a rectangle with length 500 cm and breadth 10 cm.,5,2
1210,IBPS PO,2024,Quantitative Aptitude,Data Interpretation,Medium,Analyse the bar graph and find the percentage change.,2,2
1211,IBPS PO,2021,General Awareness,Indian Polity,Medium,Who is known as the chief architect of the Indian Constitution?,5,2
1212,IBPS PO,2022,General Awareness,Indian Polity,Hard,Who is known as the chief architect of the Indian Constitution?,4,3
1213,SSC CHSL,2024,General Awareness,History,Medium,Identify the event associated with the given year.,2,2
1214,RRB NTPC,2025,General Awareness,Current Affairs,Hard,Which event is currently in the news?,1,3
1215,IBPS PO,2021,General Awareness,Current Affairs,Easy,Who was recently appointed to the given post?,5,1
1216,SSC CGL,2022,Reasoning,Puzzle,Medium,Solve the seating arrangement puzzle based on given conditions.,4,2
1217,IBPS PO,2025,General Awareness,Static GK,Medium,Identify the national symbol described in the question.,1,2
1218,SSC CGL,2025,General Awareness,Static GK,Easy,Identify the national symbol described in the question.,1,1
1219,IBPS PO,2023,General Awareness,Science,Easy,Which gas is essential for respiration?,3,1
1220,SSC CGL,2021,General Awareness,Science,Easy,Identify the SI unit of the given physical quantity.,5,1
1221,SSC CHSL,2021,English,Reading Comprehension,Easy,Read the passage and answer the question.,5,1
1222,SSC CGL,2024,Reasoning,Syllogism,Hard,Determine whether the given statements follow logically.,2,3
1223,SSC CGL,2021,English,Grammar,Easy,Choose the grammatically correct sentence.,5,1
1224,SSC CHSL,2023,Quantitative Aptitude,Simple Interest,Medium,Find the principal amount given simple interest of 200 at 10% rate.,3,2
1225,IBPS PO,2022,Quantitative Aptitude,Simple Interest,Medium,Find the principal amount given simple interest of 500 at 40% rate.,4,2
1226,SSC CGL,2024,Quantitative Aptitude,Geometry,Easy,Find the circumference of a circle with radius 750 cm.,2,1
1227,SSC CHSL,2022,General Awareness,Indian Polity,Hard,Who is known as the chief architect of the Indian Constitution?,4,3
1228,SSC CHSL,2023,General Awareness,Current Affairs,Easy,Who was recently appointed to the given post?,3,1
1229,IBPS PO,2024,Reasoning,Series,Medium,Find the odd one out from the given series.,2,2
1230,RRB NTPC,2025,Reasoning,Blood Relation,Medium,A is the son of B. B is the daughter of C. How is A related to C?,1,2
1231,SSC CGL,2021,Quantitative Aptitude,Geometry,Hard,Find the type of triangle having all angles equal.,5,3
1232,IBPS PO,2025,Reasoning,Syllogism,Hard,"Based on the two statements, find the valid conclusion.",1,3
1233,SSC CGL,2023,Reasoning,Syllogism,Easy,"Based on the two statements, find the valid conclusion.",3,1
1234,IBPS PO,2023,General Awareness,Indian Polity,Medium,Who is known as the chief architect of the Indian Constitution?,3,2
1235,IBPS PO,2022,English,Grammar,Medium,Fill in the blank with the correct form of the verb.,4,2
1236,SSC CGL,2023,English,Cloze Test,Medium,Fill in the blanks to complete the passage meaningfully.,3,2
1237,RRB NTPC,2025,Reasoning,Coding Decoding,Medium,Decode the given word using the same logic as the example.,1,2
1238,IBPS PO,2023,Reasoning,Syllogism,Easy,Determine whether the given statements follow logically.,3,1
1239,RRB NTPC,2021,General Awareness,History,Easy,Who founded the Maurya Empire?,5,1
1240,RRB NTPC,2021,Reasoning,Puzzle,Medium,Arrange the given items based on the clues provided.,5,2
1241,RRB NTPC,2024,English,Sentence Improvement,Easy,Improve the underlined part of the given sentence.,2,1
1242,RRB NTPC,2024,General Awareness,Indian Polity,Hard,Who is known as the chief architect of the Indian Constitution?,2,3
1243,SSC CHSL,2024,Quantitative Aptitude,Algebra,Easy,Simplify the given quadratic expression.,2,1
1244,RRB NTPC,2024,English,Cloze Test,Medium,Fill in the blanks to complete the passage meaningfully.,2,2
1245,RRB NTPC,2022,Reasoning,Blood Relation,Easy,Find the relationship between two persons based on the given statements.,4,1
1246,SSC CHSL,2021,General Awareness,Indian Polity,Easy,Which article of the Constitution deals with the given provision?,5,1
1247,RRB NTPC,2022,English,Grammar,Medium,Choose the grammatically correct sentence.,4,2
1248,RRB NTPC,2024,Reasoning,Analogy,Easy,Book is related to Reading. Pen is related to?,2,1
1249,SSC CHSL,2024,General Awareness,History,Medium,Identify the event associated with the given year.,2,2
1250,SSC CGL,2024,General Awareness,Current Affairs,Medium,Which event is currently in the news?,2,2
1251,SSC CHSL,2023,Quantitative Aptitude,Data Interpretation,Medium,Find the ratio of values shown in the given pie chart.,3,2
1252,RRB NTPC,2021,Reasoning,Analogy,Medium,Choose the word that best completes the analogy.,5,2
1253,RRB NTPC,2023,Reasoning,Series,Medium,Find the odd one out from the given series.,3,2
1254,SSC CHSL,2025,Reasoning,Analogy,Medium,Choose the word that best completes the analogy.,1,2
1255,SSC CGL,2023,General Awareness,Science,Medium,Which gas is essential for respiration?,3,2
1256,IBPS PO,2025,General Awareness,Static GK,Easy,Identify the national symbol described in the question.,1,1
1257,IBPS PO,2022,General Awareness,Indian Polity,Easy,Who is known as the chief architect of the Indian Constitution?,4,1
1258,SSC CHSL,2025,English,Grammar,Hard,Identify the error in the sentence.,1,3
1259,RRB NTPC,2025,English,Sentence Improvement,Hard,Improve the underlined part of the given sentence.,1,3
1260,SSC CGL,2022,Quantitative Aptitude,Data Interpretation,Hard,Find the ratio of values shown in the given pie chart.,4,3
1261,IBPS PO,2022,English,Reading Comprehension,Medium,Identify the main idea of the given passage.,4,2
1262,SSC CHSL,2023,Quantitative Aptitude,Data Interpretation,Easy,Find the average from the given data table.,3,1
1263,IBPS PO,2022,Reasoning,Analogy,Medium,Choose the word that best completes the analogy.,4,2
1264,IBPS PO,2025,Quantitative Aptitude,Time and Work,Easy,A can complete a work in 400 days and B in 15 days. Find the time taken together.,1,1
1265,IBPS PO,2025,English,Cloze Test,Medium,Fill in the blanks to complete the passage meaningfully.,1,2
1266,SSC CHSL,2025,English,Reading Comprehension,Hard,Read the passage and answer the question.,1,3
1267,RRB NTPC,2022,English,Sentence Improvement,Easy,Improve the underlined part of the given sentence.,4,1
1268,SSC CGL,2025,General Awareness,Geography,Easy,Which river is the longest in India?,1,1
1269,SSC CGL,2021,English,Cloze Test,Easy,Fill in the blanks to complete the passage meaningfully.,5,1
1270,SSC CGL,2024,English,Grammar,Easy,Fill in the blank with the correct form of the verb.,2,1
1271,SSC CHSL,2023,Quantitative Aptitude,Profit and Loss,Hard,Find the selling price if cost price is 250 and profit is 40%.,3,3
1272,SSC CHSL,2024,Reasoning,Syllogism,Easy,Determine whether the given statements follow logically.,2,1
1273,SSC CGL,2023,English,Grammar,Medium,Fill in the blank with the correct form of the verb.,3,2
1274,SSC CHSL,2021,Quantitative Aptitude,Profit and Loss,Easy,A trader allows a discount of 10%. Find the new selling price.,5,1
1275,IBPS PO,2023,Reasoning,Series,Easy,Find the odd one out from the given series.,3,1
1276,SSC CGL,2024,Quantitative Aptitude,Geometry,Hard,Find the perimeter of a rectangle with length 750 cm and breadth 8 cm.,2,3
1277,RRB NTPC,2022,English,Cloze Test,Hard,Fill in the blanks to complete the passage meaningfully.,4,3
1278,RRB NTPC,2024,Reasoning,Analogy,Hard,Book is related to Reading. Pen is related to?,2,3
1279,SSC CGL,2021,Quantitative Aptitude,Simple Interest,Medium,Find the principal amount given simple interest of 100 at 25% rate.,5,2
1280,SSC CGL,2025,Reasoning,Syllogism,Easy,Determine whether the given statements follow logically.,1,1
1281,SSC CGL,2025,Quantitative Aptitude,Time and Work,Easy,Find the efficiency ratio of two workers given their individual work rates.,1,1
1282,SSC CGL,2025,General Awareness,History,Medium,Identify the event associated with the given year.,1,2
1283,SSC CHSL,2025,General Awareness,Static GK,Medium,Identify the national symbol described in the question.,1,2
1284,RRB NTPC,2022,Reasoning,Analogy,Medium,Book is related to Reading. Pen is related to?,4,2
1285,IBPS PO,2022,Quantitative Aptitude,Simple Interest,Hard,Find the simple interest on 200 at 20% per annum for 20 years.,4,3
1286,IBPS PO,2022,Reasoning,Analogy,Medium,Book is related to Reading. Pen is related to?,4,2
1287,RRB NTPC,2022,English,Reading Comprehension,Medium,Identify the main idea of the given passage.,4,2
1288,SSC CGL,2022,Reasoning,Series,Easy,Find the next term in the given number series.,4,1
1289,RRB NTPC,2023,General Awareness,History,Easy,Who founded the Maurya Empire?,3,1
1290,SSC CGL,2024,General Awareness,Current Affairs,Medium,Which event is currently in the news?,2,2
1291,IBPS PO,2022,English,Cloze Test,Easy,Fill in the blanks to complete the passage meaningfully.,4,1
1292,RRB NTPC,2021,English,Reading Comprehension,Easy,Identify the main idea of the given passage.,5,1
1293,IBPS PO,2021,English,Sentence Improvement,Hard,Improve the underlined part of the given sentence.,5,3
1294,IBPS PO,2023,Reasoning,Puzzle,Hard,Solve the seating arrangement puzzle based on given conditions.,3,3
1295,RRB NTPC,2024,Reasoning,Blood Relation,Hard,Find the relationship between two persons based on the given statements.,2,3
1296,SSC CGL,2023,Quantitative Aptitude,Data Interpretation,Hard,Analyse the bar graph and find the percentage change.,3,3
1297,IBPS PO,2023,Quantitative Aptitude,Percentage,Hard,The population of a town grew by 25% in a year. Find the increase.,3,3
1298,SSC CGL,2024,General Awareness,Static GK,Medium,Identify the national symbol described in the question.,2,2
1299,SSC CGL,2023,Reasoning,Blood Relation,Easy,Find the relationship between two persons based on the given statements.,3,1
1300,RRB NTPC,2025,General Awareness,Science,Hard,Identify the SI unit of the given physical quantity.,1,3
1301,SSC CHSL,2023,Quantitative Aptitude,Simple Interest,Medium,Find the simple interest on 600 at 20% per annum for 36 years.,3,2
1302,SSC CGL,2025,Reasoning,Blood Relation,Hard,Find the relationship between two persons based on the given statements.,1,3
1303,RRB NTPC,2022,Reasoning,Series,Easy,Find the next term in the given number series.,4,1
1304,IBPS PO,2023,English,Cloze Test,Easy,Fill in the blanks to complete the passage meaningfully.,3,1
1305,RRB NTPC,2024,English,Cloze Test,Medium,Fill in the blanks to complete the passage meaningfully.,2,2
1306,RRB NTPC,2024,Quantitative Aptitude,Simple Interest,Medium,Find the simple interest on 100 at 40% per annum for 20 years.,2,2
1307,IBPS PO,2024,Quantitative Aptitude,Geometry,Easy,Find the perimeter of a rectangle with length 400 cm and breadth 12 cm.,2,1
1308,SSC CGL,2021,English,Cloze Test,Medium,Fill in the blanks to complete the passage meaningfully.,5,2
1309,RRB NTPC,2023,Reasoning,Puzzle,Hard,Solve the seating arrangement puzzle based on given conditions.,3,3
1310,RRB NTPC,2024,General Awareness,Static GK,Medium,Identify the national symbol described in the question.,2,2
1311,SSC CHSL,2021,English,Vocabulary,Medium,Choose the correct meaning of the word.,5,2
1312,SSC CHSL,2023,General Awareness,Science,Hard,Identify the SI unit of the given physical quantity.,3,3
1313,SSC CGL,2021,Quantitative Aptitude,Percentage,Hard,"If a value decreases by 25%, find the resulting percentage change.",5,3
1314,SSC CGL,2022,Quantitative Aptitude,Simple Interest,Easy,Find the principal amount given simple interest of 750 at 20% rate.,4,1
1315,IBPS PO,2025,English,Sentence Improvement,Easy,Improve the underlined part of the given sentence.,1,1
1316,SSC CGL,2023,General Awareness,Current Affairs,Easy,Which event is currently in the news?,3,1
1317,IBPS PO,2022,General Awareness,Science,Easy,Identify the SI unit of the given physical quantity.,4,1
1318,RRB NTPC,2021,Reasoning,Analogy,Easy,Book is related to Reading. Pen is related to?,5,1
1319,SSC CHSL,2022,General Awareness,Indian Polity,Medium,Who is known as the chief architect of the Indian Constitution?,4,2
1320,SSC CGL,2025,Quantitative Aptitude,Time and Work,Easy,A can complete a work in 150 days and B in 24 days. Find the time taken together.,1,1
1321,IBPS PO,2023,Reasoning,Analogy,Medium,Choose the word that best completes the analogy.,3,2
1322,SSC CHSL,2022,General Awareness,History,Hard,Who founded the Maurya Empire?,4,3
1323,RRB NTPC,2024,English,Reading Comprehension,Hard,Identify the main idea of the given passage.,2,3
1324,SSC CHSL,2022,Reasoning,Puzzle,Medium,Arrange the given items based on the clues provided.,4,2
1325,SSC CGL,2025,Quantitative Aptitude,Data Interpretation,Medium,Find the ratio of values shown in the given pie chart.,1,2
1326,RRB NTPC,2021,Quantitative Aptitude,Percentage,Medium,The population of a town grew by 15% in a year. Find the increase.,5,2
1327,IBPS PO,2023,General Awareness,Current Affairs,Medium,Who was recently appointed to the given post?,3,2
1328,RRB NTPC,2023,General Awareness,Static GK,Easy,Identify the national symbol described in the question.,3,1
1329,SSC CGL,2021,English,Sentence Improvement,Medium,Improve the underlined part of the given sentence.,5,2
1330,SSC CGL,2021,English,Sentence Improvement,Medium,Improve the underlined part of the given sentence.,5,2
1331,SSC CGL,2022,Quantitative Aptitude,Simple Interest,Easy,Find the simple interest on 150 at 50% per annum for 10 years.,4,1
1332,SSC CHSL,2022,General Awareness,History,Hard,Who founded the Maurya Empire?,4,3
1333,SSC CHSL,2024,General Awareness,Current Affairs,Hard,Which event is currently in the news?,2,3
1334,SSC CHSL,2022,General Awareness,Geography,Easy,Which state has the highest geographical area?,4,1
1335,SSC CGL,2024,Reasoning,Syllogism,Medium,"Based on the two statements, find the valid conclusion.",2,2
1336,IBPS PO,2021,Quantitative Aptitude,Simple Interest,Medium,Find the principal amount given simple interest of 150 at 40% rate.,5,2
1337,SSC CGL,2021,English,Vocabulary,Medium,Choose the antonym of the given word.,5,2
1338,SSC CHSL,2025,Reasoning,Series,Easy,Find the odd one out from the given series.,1,1
1339,IBPS PO,2021,Reasoning,Series,Easy,Find the odd one out from the given series.,5,1
1340,SSC CHSL,2025,Quantitative Aptitude,Time and Work,Medium,A pipe fills a tank in 100 hours. Find the time to fill 20% of the tank.,1,2
1341,SSC CHSL,2024,Quantitative Aptitude,Time and Work,Medium,Find the efficiency ratio of two workers given their individual work rates.,2,2
1342,RRB NTPC,2022,Quantitative Aptitude,Geometry,Medium,Find the type of triangle having all angles equal.,4,2
1343,IBPS PO,2023,General Awareness,Current Affairs,Easy,Who was recently appointed to the given post?,3,1
1344,IBPS PO,2025,Reasoning,Series,Easy,Find the odd one out from the given series.,1,1
1345,RRB NTPC,2022,General Awareness,History,Easy,Who founded the Maurya Empire?,4,1
1346,IBPS PO,2025,General Awareness,Indian Polity,Easy,Who is known as the chief architect of the Indian Constitution?,1,1
1347,SSC CHSL,2024,Reasoning,Blood Relation,Medium,A is the son of B. B is the daughter of C. How is A related to C?,2,2
1348,IBPS PO,2023,Quantitative Aptitude,Time and Work,Easy,A can complete a work in 250 days and B in 30 days. Find the time taken together.,3,1
1349,SSC CGL,2022,Reasoning,Syllogism,Easy,Determine whether the given statements follow logically.,4,1
1350,SSC CGL,2024,Reasoning,Coding Decoding,Hard,"If CAT is coded as DBU, how is DOG coded?",2,3
1351,SSC CHSL,2021,Quantitative Aptitude,Time and Work,Hard,A can complete a work in 300 days and B in 8 days. Find the time taken together.,5,3
1352,RRB NTPC,2024,General Awareness,Science,Easy,Identify the SI unit of the given physical quantity.,2,1
1353,SSC CHSL,2025,Reasoning,Syllogism,Easy,Determine whether the given statements follow logically.,1,1
1354,IBPS PO,2021,Reasoning,Series,Easy,Find the odd one out from the given series.,5,1
1355,SSC CHSL,2022,General Awareness,Current Affairs,Easy,Which event is currently in the news?,4,1
1356,SSC CGL,2022,Reasoning,Series,Easy,Find the odd one out from the given series.,4,1
1357,SSC CHSL,2021,Reasoning,Syllogism,Medium,Determine whether the given statements follow logically.,5,2
1358,IBPS PO,2022,English,Grammar,Medium,Identify the error in the sentence.,4,2
1359,IBPS PO,2024,General Awareness,Geography,Easy,Which state has the highest geographical area?,2,1
1360,SSC CGL,2024,General Awareness,Geography,Easy,Which river is the longest in India?,2,1
1361,IBPS PO,2023,English,Sentence Improvement,Medium,Improve the underlined part of the given sentence.,3,2
1362,IBPS PO,2021,Quantitative Aptitude,Time and Work,Easy,A can complete a work in 150 days and B in 12 days. Find the time taken together.,5,1
1363,SSC CHSL,2021,Reasoning,Direction Sense,Medium,A person walks 600 km north and then 10 km east. Find the shortest distance to start.,5,2
1364,IBPS PO,2023,English,Grammar,Medium,Fill in the blank with the correct form of the verb.,3,2
1365,SSC CGL,2022,English,Grammar,Medium,Choose the grammatically correct sentence.,4,2
1366,SSC CGL,2024,Reasoning,Coding Decoding,Hard,Find the next term using a coding pattern.,2,3
1367,SSC CHSL,2023,Reasoning,Series,Easy,Find the missing number in the series.,3,1
1368,IBPS PO,2024,General Awareness,Indian Polity,Easy,Which article of the Constitution deals with the given provision?,2,1
1369,SSC CGL,2021,English,Cloze Test,Medium,Fill in the blanks to complete the passage meaningfully.,5,2
1370,IBPS PO,2022,Reasoning,Puzzle,Easy,Arrange the given items based on the clues provided.,4,1
1371,SSC CGL,2021,Quantitative Aptitude,Percentage,Easy,A student scored 30% marks in an exam. Find the marks obtained out of 100.,5,1
1372,SSC CHSL,2022,Quantitative Aptitude,Simple Interest,Medium,Find the principal amount given simple interest of 600 at 12% rate.,4,2
1373,SSC CHSL,2025,Quantitative Aptitude,Profit and Loss,Medium,A trader allows a discount of 15%. Find the new selling price.,1,2
1374,RRB NTPC,2024,General Awareness,Geography,Easy,Which river is the longest in India?,2,1
1375,IBPS PO,2024,Reasoning,Direction Sense,Hard,A person walks 250 km north and then 18 km east. Find the shortest distance to start.,2,3
1376,RRB NTPC,2024,Reasoning,Analogy,Easy,Book is related to Reading. Pen is related to?,2,1
1377,RRB NTPC,2021,General Awareness,Indian Polity,Medium,Who is known as the chief architect of the Indian Constitution?,5,2
1378,SSC CHSL,2022,English,Grammar,Easy,Fill in the blank with the correct form of the verb.,4,1
1379,IBPS PO,2025,General Awareness,Static GK,Easy,Identify the national symbol described in the question.,1,1
1380,SSC CGL,2023,English,Cloze Test,Medium,Fill in the blanks to complete the passage meaningfully.,3,2
1381,IBPS PO,2021,Quantitative Aptitude,Profit and Loss,Easy,A shopkeeper marks an item 15% above cost price. Find the marked price.,5,1
1382,SSC CGL,2024,General Awareness,History,Easy,Who founded the Maurya Empire?,2,1
1383,RRB NTPC,2022,English,Grammar,Easy,Fill in the blank with the correct form of the verb.,4,1
1384,IBPS PO,2025,General Awareness,History,Easy,Who founded the Maurya Empire?,1,1
1385,SSC CHSL,2021,General Awareness,Current Affairs,Hard,Who was recently appointed to the given post?,5,3
1386,SSC CHSL,2025,Reasoning,Puzzle,Hard,Solve the seating arrangement puzzle based on given conditions.,1,3
1387,RRB NTPC,2025,General Awareness,Geography,Easy,Which state has the highest geographical area?,1,1
1388,SSC CGL,2021,Reasoning,Syllogism,Easy,Determine whether the given statements follow logically.,5,1
1389,IBPS PO,2021,English,Vocabulary,Medium,Choose the antonym of the given word.,5,2
1390,SSC CGL,2025,English,Cloze Test,Easy,Fill in the blanks to complete the passage meaningfully.,1,1
1391,IBPS PO,2023,English,Reading Comprehension,Easy,Read the passage and answer the question.,3,1
1392,SSC CGL,2022,General Awareness,Indian Polity,Medium,Who is known as the chief architect of the Indian Constitution?,4,2
1393,SSC CGL,2024,Quantitative Aptitude,Data Interpretation,Medium,Find the ratio of values shown in the given pie chart.,2,2
1394,SSC CHSL,2024,English,Reading Comprehension,Medium,Read the passage and answer the question.,2,2
1395,SSC CGL,2025,Quantitative Aptitude,Time and Work,Medium,A pipe fills a tank in 400 hours. Find the time to fill 15% of the tank.,1,2
1396,RRB NTPC,2022,Reasoning,Blood Relation,Hard,Find the relationship between two persons based on the given statements.,4,3
1397,IBPS PO,2023,Reasoning,Analogy,Medium,Choose the word that best completes the analogy.,3,2
1398,RRB NTPC,2022,General Awareness,Indian Polity,Hard,Who is known as the chief architect of the Indian Constitution?,4,3
1399,RRB NTPC,2023,English,Grammar,Hard,Identify the error in the sentence.,3,3
1400,RRB NTPC,2023,Reasoning,Analogy,Hard,Choose the word that best completes the analogy.,3,3
1401,IBPS PO,2025,Reasoning,Analogy,Medium,Choose the word that best completes the analogy.,1,2
1402,SSC CHSL,2022,English,Vocabulary,Easy,Choose the synonym of the given word.,4,1
1403,SSC CHSL,2021,Quantitative Aptitude,Time and Work,Medium,A can complete a work in 750 days and B in 20 days. Find the time taken together.,5,2
1404,SSC CGL,2021,Reasoning,Blood Relation,Hard,A is the son of B. B is the daughter of C. How is A related to C?,5,3
1405,SSC CHSL,2025,General Awareness,Geography,Hard,Which state has the highest geographical area?,1,3
1406,SSC CGL,2022,English,Cloze Test,Medium,Fill in the blanks to complete the passage meaningfully.,4,2
1407,IBPS PO,2024,Quantitative Aptitude,Algebra,Hard,Simplify the given quadratic expression.,2,3
1408,IBPS PO,2021,Quantitative Aptitude,Time and Work,Hard,Find the efficiency ratio of two workers given their individual work rates.,5,3
1409,SSC CHSL,2022,English,Sentence Improvement,Easy,Improve the underlined part of the given sentence.,4,1
1410,IBPS PO,2022,English,Cloze Test,Easy,Fill in the blanks to complete the passage meaningfully.,4,1
1411,RRB NTPC,2025,Quantitative Aptitude,Percentage,Medium,The population of a town grew by 10% in a year. Find the increase.,1,2
1412,RRB NTPC,2021,Quantitative Aptitude,Data Interpretation,Medium,Analyse the bar graph and find the percentage change.,5,2
1413,IBPS PO,2021,English,Sentence Improvement,Hard,Improve the underlined part of the given sentence.,5,3
1414,SSC CHSL,2025,Reasoning,Coding Decoding,Hard,Find the next term using a coding pattern.,1,3
1415,IBPS PO,2023,General Awareness,Indian Polity,Easy,Who is known as the chief architect of the Indian Constitution?,3,1
1416,IBPS PO,2022,General Awareness,Indian Polity,Easy,Which article of the Constitution deals with the given provision?,4,1
1417,SSC CGL,2024,English,Reading Comprehension,Easy,Identify the main idea of the given passage.,2,1
1418,IBPS PO,2024,Reasoning,Syllogism,Medium,Determine whether the given statements follow logically.,2,2
1419,RRB NTPC,2021,English,Cloze Test,Easy,Fill in the blanks to complete the passage meaningfully.,5,1
1420,IBPS PO,2024,English,Sentence Improvement,Medium,Improve the underlined part of the given sentence.,2,2
1421,SSC CGL,2024,General Awareness,Geography,Easy,Which state has the highest geographical area?,2,1
1422,RRB NTPC,2025,Reasoning,Analogy,Easy,Choose the word that best completes the analogy.,1,1
1423,SSC CHSL,2022,Quantitative Aptitude,Simple Interest,Medium,Find the principal amount given simple interest of 150 at 15% rate.,4,2
1424,RRB NTPC,2024,Reasoning,Puzzle,Hard,Arrange the given items based on the clues provided.,2,3
1425,SSC CHSL,2021,English,Cloze Test,Medium,Fill in the blanks to complete the passage meaningfully.,5,2
1426,RRB NTPC,2021,Reasoning,Puzzle,Medium,Arrange the given items based on the clues provided.,5,2
1427,IBPS PO,2021,Reasoning,Coding Decoding,Medium,"If CAT is coded as DBU, how is DOG coded?",5,2
1428,SSC CHSL,2023,Quantitative Aptitude,Geometry,Hard,Find the circumference of a circle with radius 100 cm.,3,3
1429,SSC CHSL,2025,Reasoning,Coding Decoding,Medium,Decode the given word using the same logic as the example.,1,2
1430,SSC CHSL,2025,Reasoning,Blood Relation,Easy,A is the son of B. B is the daughter of C. How is A related to C?,1,1
1431,SSC CHSL,2023,Quantitative Aptitude,Data Interpretation,Easy,Find the average from the given data table.,3,1
1432,RRB NTPC,2022,Quantitative Aptitude,Geometry,Easy,Find the type of triangle having all angles equal.,4,1
1433,SSC CGL,2024,General Awareness,Current Affairs,Easy,Which event is currently in the news?,2,1
1434,IBPS PO,2021,General Awareness,Current Affairs,Hard,Which event is currently in the news?,5,3
1435,SSC CGL,2022,English,Vocabulary,Hard,Choose the correct meaning of the word.,4,3
1436,RRB NTPC,2021,General Awareness,Geography,Hard,Which state has the highest geographical area?,5,3
1437,SSC CGL,2021,General Awareness,Geography,Easy,Which state has the highest geographical area?,5,1
1438,SSC CGL,2024,Reasoning,Series,Medium,Find the next term in the given number series.,2,2
1439,SSC CHSL,2023,English,Grammar,Hard,Fill in the blank with the correct form of the verb.,3,3
1440,IBPS PO,2023,Reasoning,Puzzle,Hard,Solve the seating arrangement puzzle based on given conditions.,3,3
1441,RRB NTPC,2025,English,Grammar,Easy,Fill in the blank with the correct form of the verb.,1,1
1442,IBPS PO,2021,Reasoning,Coding Decoding,Easy,Find the next term using a coding pattern.,5,1
1443,IBPS PO,2023,Reasoning,Puzzle,Hard,Arrange the given items based on the clues provided.,3,3
1444,SSC CGL,2022,English,Sentence Improvement,Easy,Improve the underlined part of the given sentence.,4,1
1445,RRB NTPC,2025,General Awareness,History,Medium,Who founded the Maurya Empire?,1,2
1446,RRB NTPC,2023,Reasoning,Direction Sense,Easy,A person walks 600 km north and then 8 km east. Find the shortest distance to start.,3,1
1447,SSC CHSL,2022,Reasoning,Puzzle,Medium,Solve the seating arrangement puzzle based on given conditions.,4,2
1448,SSC CGL,2022,General Awareness,Indian Polity,Medium,Which article of the Constitution deals with the given provision?,4,2
1449,IBPS PO,2023,English,Cloze Test,Easy,Fill in the blanks to complete the passage meaningfully.,3,1
1450,IBPS PO,2025,English,Cloze Test,Hard,Fill in the blanks to complete the passage meaningfully.,1,3
1451,RRB NTPC,2025,Reasoning,Blood Relation,Medium,Find the relationship between two persons based on the given statements.,1,2
1452,RRB NTPC,2024,Quantitative Aptitude,Time and Work,Easy,A pipe fills a tank in 600 hours. Find the time to fill 25% of the tank.,2,1
1453,IBPS PO,2021,General Awareness,History,Easy,Who founded the Maurya Empire?,5,1
1454,SSC CGL,2025,Quantitative Aptitude,Percentage,Hard,The population of a town grew by 25% in a year. Find the increase.,1,3
1455,RRB NTPC,2022,Reasoning,Analogy,Easy,Choose the word that best completes the analogy.,4,1
1456,SSC CGL,2023,Reasoning,Coding Decoding,Medium,"If CAT is coded as DBU, how is DOG coded?",3,2
1457,IBPS PO,2023,General Awareness,Indian Polity,Easy,Who is known as the chief architect of the Indian Constitution?,3,1
1458,IBPS PO,2021,Reasoning,Puzzle,Easy,Arrange the given items based on the clues provided.,5,1
1459,SSC CHSL,2024,General Awareness,History,Easy,Identify the event associated with the given year.,2,1
1460,SSC CHSL,2021,English,Cloze Test,Easy,Fill in the blanks to complete the passage meaningfully.,5,1
1461,SSC CGL,2021,Quantitative Aptitude,Percentage,Hard,A student scored 50% marks in an exam. Find the marks obtained out of 100.,5,3
1462,SSC CHSL,2025,General Awareness,Science,Easy,Identify the SI unit of the given physical quantity.,1,1
1463,RRB NTPC,2023,General Awareness,Science,Hard,Which gas is essential for respiration?,3,3
1464,SSC CHSL,2021,English,Cloze Test,Medium,Fill in the blanks to complete the passage meaningfully.,5,2
1465,RRB NTPC,2021,General Awareness,Current Affairs,Hard,Who was recently appointed to the given post?,5,3
1466,SSC CHSL,2022,English,Vocabulary,Medium,Choose the correct meaning of the word.,4,2
1467,SSC CGL,2025,General Awareness,Indian Polity,Medium,Who is known as the chief architect of the Indian Constitution?,1,2
1468,SSC CHSL,2021,Reasoning,Coding Decoding,Easy,Find the next term using a coding pattern.,5,1
1469,SSC CGL,2022,Reasoning,Syllogism,Medium,"Based on the two statements, find the valid conclusion.",4,2
1470,SSC CHSL,2025,English,Cloze Test,Hard,Fill in the blanks to complete the passage meaningfully.,1,3
1471,IBPS PO,2021,General Awareness,Indian Polity,Easy,Which article of the Constitution deals with the given provision?,5,1
1472,RRB NTPC,2024,English,Sentence Improvement,Easy,Improve the underlined part of the given sentence.,2,1
1473,SSC CGL,2025,General Awareness,History,Medium,Who founded the Maurya Empire?,1,2
1474,IBPS PO,2025,Reasoning,Puzzle,Medium,Arrange the given items based on the clues provided.,1,2
1475,RRB NTPC,2021,English,Reading Comprehension,Medium,Identify the main idea of the given passage.,5,2
1476,SSC CGL,2021,Quantitative Aptitude,Algebra,Easy,"If x + y = 600 and x - y = 18, find the value of x.",5,1
1477,IBPS PO,2022,Quantitative Aptitude,Algebra,Easy,Solve the given algebraic equation for x.,4,1
1478,IBPS PO,2023,English,Sentence Improvement,Easy,Improve the underlined part of the given sentence.,3,1
1479,IBPS PO,2024,Reasoning,Puzzle,Easy,Solve the seating arrangement puzzle based on given conditions.,2,1
1480,SSC CHSL,2023,General Awareness,Science,Medium,Identify the SI unit of the given physical quantity.,3,2
1481,IBPS PO,2025,Quantitative Aptitude,Profit and Loss,Easy,A trader allows a discount of 25%. Find the new selling price.,1,1
1482,SSC CGL,2022,English,Reading Comprehension,Medium,Identify the main idea of the given passage.,4,2
1483,RRB NTPC,2024,English,Vocabulary,Hard,Choose the correct meaning of the word.,2,3
1484,SSC CGL,2023,Quantitative Aptitude,Algebra,Easy,Solve the given algebraic equation for x.,3,1
1485,SSC CHSL,2021,Reasoning,Analogy,Hard,Book is related to Reading. Pen is related to?,5,3
1486,RRB NTPC,2021,Reasoning,Direction Sense,Easy,A person walks 200 km north and then 24 km east. Find the shortest distance to start.,5,1
1487,SSC CGL,2025,Reasoning,Analogy,Medium,Choose the word that best completes the analogy.,1,2
1488,SSC CHSL,2023,English,Vocabulary,Easy,Choose the antonym of the given word.,3,1
1489,SSC CGL,2024,English,Cloze Test,Easy,Fill in the blanks to complete the passage meaningfully.,2,1
1490,RRB NTPC,2025,Quantitative Aptitude,Profit and Loss,Medium,An article bought for 250 is sold for 8. Find the profit or loss percentage.,1,2
1491,SSC CHSL,2023,Reasoning,Syllogism,Easy,"Based on the two statements, find the valid conclusion.",3,1
1492,SSC CGL,2025,General Awareness,Static GK,Hard,Identify the national symbol described in the question.,1,3
1493,SSC CGL,2023,Quantitative Aptitude,Algebra,Easy,Find the roots of the equation x^2 - 300x + 8 = 0.,3,1
1494,IBPS PO,2024,General Awareness,Indian Polity,Medium,Which article of the Constitution deals with the given provision?,2,2
1495,SSC CHSL,2024,English,Cloze Test,Easy,Fill in the blanks to complete the passage meaningfully.,2,1
1496,RRB NTPC,2021,Reasoning,Coding Decoding,Easy,Find the next term using a coding pattern.,5,1
1497,IBPS PO,2025,English,Reading Comprehension,Medium,Identify the main idea of the given passage.,1,2
1498,SSC CHSL,2021,Reasoning,Blood Relation,Easy,Find the relationship between two persons based on the given statements.,5,1
1499,SSC CHSL,2024,General Awareness,Science,Medium,Which gas is essential for respiration?,2,2
1500,RRB NTPC,2021,Reasoning,Puzzle,Easy,Arrange the given items based on the clues provided.,5,1
